ID,Category,Language,Collection,Genre,Pubdate,Author_Last,Author_First,Work.Title,Translation,PubHouse_Imprint,Prize_Prizewinner.,WinnerShortlist..PrizeWinner.,Author_Gender,Author_Nationality
"2016_RomanoLax,Andromeda_Behave_CT.txt",Fiction,English,,CT,2016,Romano-Lax,Andromeda,Behave,,Soho Press,,,F,
"2009_Flynn,Gillian_DarkPlaces_MY.txt",Fiction ,English,,MY,2009,Flynn,Gillian,DarkPlaces,,,,,F,US
"2009_Griffiths,Elly_TheCrossingPlaces_MY.txt",Fiction ,English,,MY,2009,Griffiths,Elly,TheCrossingPlaces,,,,,F,UK
"2010_Atkinson,Kate_StartedEarlyTookMyDog_MY.txt",Fiction ,English,,MY,2010,Atkinson,Kate,StartedEarlyTookMyDog,,,,,F,UK
"2010_George,Elizabeth_ThisBodyofDeath_MY.txt",Fiction ,English,,MY,2010,George,Elizabeth,ThisBodyofDeath,,,,,F,US
"2010_Gerritsen,Tess_IceCold_MY.txt",Fiction ,English,,MY,2010,Gerritsen,Tess,IceCold,,,,,F,US
"2010_Goodman,Carol_ArcadiaFalls_MY.txt",Fiction ,English,,MY,2010,Goodman,Carol,ArcadiaFalls,,,,,F,US
"2010_King,LaurieR_TheGodoftheHive_MY.txt",Fiction ,English,,MY,2010,King,LaurieR,TheGodoftheHive,,,,,F,US
"2010_Laurie,Victoria_AGlimpseofEvil_MY.txt",Fiction ,English,,MY,2010,Laurie,Victoria,AGlimpseofEvil,,,,,F,US
"2010_McKinlay,Jenn_SprinklewithMurder_MY.txt",Fiction ,English,,MY,2010,McKinlay,Jenn,SprinklewithMurder,,,,,F,US
"2010_Webber,Heather_TrulyMadly_MY.txt",Fiction ,English ,,MY,2010,Webber,Heather,TrulyMadly,,,,,F,US
"2011_Bolton,Sharon_NowYouSeeMe_MY.txt",Fiction ,English ,,MY,2011,Bolton,Sharon,NowYouSeeMe,,,,,F,UK
"2011_McKinlay,Jenn_BooksCanbeDeceiving_MY.txt",Fiction ,English ,,MY,2011,McKinlay,Jenn,BooksCanbeDeceiving,,,,,F,US
"2011_OConnell,Carol_TheChalkGirl_MY.txt",Fiction ,English ,,MY,2011,OConnell,Carol,TheChalkGirl,,,,,F,US
"2011_Slaughter,Karin_Fallen_MY.txt",Fiction ,English ,,MY,2011,Slaughter,Karin,Fallen,,,,,F,US
"2011_SpencerFleming,Julia_OneWasASoldier_MY.txt",Fiction ,English ,,MY,2011,SpencerFleming,Julia,OneWasASoldier,,,,,F,US
"2011_Stevens,Chevy_NeverKnowing_MY.txt",Fiction ,English ,,MY,2011,Stevens,Chevy,NeverKnowing,,,,,F,Canada
"2012_Elliot,Kendra_Hidden_MY.txt",Fiction ,English ,,MY,2012,Elliot,Kendra,Hidden,,,,,F,US
"2012_McPherson,Catriona_DandyGilver_MY.txt",Fiction ,English ,,MY,2012,McPherson,Catriona,DandyGilver,,,,,F,Scotland
"2012_Morton,Kate_TheSecretKeeper_MY.txt",Fiction ,English ,,MY,2012,Morton,Kate,TheSecretKeeper,,,,,F,Australia
"2012_Scottoline,Lisa_ComeHome_MY.txt",Fiction ,English ,,MY,2012,Scottoline,Lisa,ComeHome,,,,,F,US
"2012_Shapiro,BA_TheArtForger_MY.txt",Fiction ,English ,,MY,2012,Shapiro,BA,TheArtForger,,,,,F,US
"2012_Swank,DeniseGrover_TwentyNineandaHalfReasons_MY.txt",Fiction ,English ,,MY,2012,Swank,DeniseGrover,TwentyNineandaHalfReasons,,,,,F,US
"2012_Unger,Lisa_Heartbroken_MY.txt",Fiction ,English ,,MY,2012,Unger,Lisa,Heartbroken,,,,,F,US
"2013_Busby,Sian_ACommonplaceKilling_MY.txt",Fiction ,English ,,MY,2013,Busby,Sian,ACommonplaceKilling,,,,,F,UK
"2013_Cornwell,Patricia_Dust_MY.txt",Fiction ,English ,,MY,2013,Cornwell,Patricia,Dust,,,,,F,US
"2013_Coulter,Catherine_Bombshell_MY.txt",Fiction ,English ,,MY,2013,Coulter,Catherine,Bombshell,,,,,F,US
"2013_Fairstein,Linda_DeathAngel_MY.txt",Fiction ,English ,,MY,2013,Fairstein,Linda,DeathAngel,,,,,F,US
"2013_O'Connell,Carol_ItHappensintheDark_MY.txt",Fiction ,English ,,MY,2013,O'Connell,Carol,ItHappensintheDark,,,,,F,US
"2013_Quick,Amanda_TheMysteryWoman_MY.txt",Fiction ,English ,,MY,2013,Quick,Amanda,TheMysteryWoman,,,,,F,US
"2013_Raimondo,Lynne_DantesWood_MY.txt",Fiction ,English ,,MY,2013,Raimondo,Lynne,DantesWood,,,,,F,US
"2013_Reichs,Kathy_BonesoftheLost_MY.txt",Fiction ,English ,,MY,2013,Reichs,Kathy,BonesoftheLost,,,,,F,US
"2013_SpencerFleming,Julia_ThroughtheEvilDays_MY.txt",Fiction ,English ,,MY,2013,SpencerFleming,Julia,ThroughtheEvilDays,,,,,F,US
"2013_Swank,DeniseGrover_TwentyEightandAHalfWishes_MY.txt",Fiction ,English ,,MY,2013,Swank,DeniseGrover,TwentyEightandAHalfWishes,,,,,F,US
"2014_Brown,Sandra_MeanStreak_MY.txt",Fiction ,English ,,MY,2014,Brown,Sandra,MeanStreak,,,,,F,US
"2014_Casey,Jane_TheStrangerYouKnow_MY.txt",Fiction ,English ,,MY,2014,Casey,Jane,TheStrangerYouKnow,,,,,F,US
"2014_Cornwell,Patricia_FleshandBlood_MY.txt",Fiction ,English ,,MY,2014,Cornwell,Patricia,FleshandBlood,,,,,F,US
"2014_Donoghue,Emma_FrogMusic_MY.txt",Fiction ,English ,,MY,2014,Donoghue,Emma,FrogMusic,,,,,F,Ireland/Canada
"2014_Dougherty,Victoria_TheBoneChurch_MY.txt",Fiction ,English ,,MY,2014,Dougherty,Victoria,TheBoneChurch,,,,,F,US
"2014_Evanovich,Janet_TopSecretTwentyOne_MY.txt",Fiction ,English ,,MY,2014,Evanovich,Janet,TopSecretTwentyOne,,,,,F,US
"2014_Fairstein,Linda_TerminalCity_MY.txt",Fiction ,English ,,MY,2014,Fairstein,Linda,TerminalCity,,,,,F,US
"2014_French,Tana_TheSecretPlace_MY.txt",Fiction ,English ,,MY,2014,French,Tana,TheSecretPlace,,,,,F,Ireland/US
"2014_Gerritsen,Tess_DieAgain_MY.txt",Fiction ,English ,,MY,2014,Gerritsen,Tess,DieAgain,,,,,F,US
"2014_Healey,Emma_ElizabethisMissing_MY.txt",Fiction ,English ,,MY,2014,Healey,Emma,ElizabethisMissing,,,,,F,UK
"2014_Hinton,Lynne_SisterEvePrivateEye_MY.txt",Fiction ,English ,,MY,2014,Hinton,Lynne,SisterEvePrivateEye,,,,,F,US
"2014_Jones,Darynda_SixthGraveontheEdge_MY.txt",Fiction ,English ,,MY,2014,Jones,Darynda,SixthGraveontheEdge,,,,,F,US
"2014_Kubica,Mary_TheGoodGirl_MY.txt",Fiction ,English ,,MY,2014,Kubica,Mary,TheGoodGirl,,,,,F,US
"2014_McPherson,Catriona_TheDaySheDied_MY.txt",Fiction ,English ,,MY,2014,McPherson,Catriona,TheDaySheDied,,,,,F,Scotland
"2014_Nolen,RL_DeadlyThyme_MY.txt",Fiction ,English ,,MY,2014,Nolen,RL,DeadlyThyme,,,,,F,US
"2014_Penny,Louise_TheLongWayHome_MY.txt",Fiction ,English ,,MY,2014,Penny,Louise,TheLongWayHome,,,,,F,Canada
"2014_Picoult,Jodi_LeavingTime_MY.txt",Fiction ,English ,,MY,2014,Picoult,Jodi,LeavingTime,,,,,F,US
"2014_Raimondo,Lynne_DantesPoison_MY.txt",Fiction ,English ,,MY,2014,Raimondo,Lynne,DantesPoison,,,,,F,US
"2014_Reade,Amy_SecretsofHallsteadHouse_MY.txt",Fiction ,English ,,MY,2014,Reade,Amy,SecretsofHallsteadHouse,,,,,F,US
"2014_Reichs,Kathy_BonesNeverLie_MY.txt",Fiction ,English ,,MY,2014,Reichs,Kathy,BonesNeverLie,,,,,F,US
"2014_Robb,JD_FestiveinDeath_MY.txt",Fiction ,English ,,MY,2014,Robb,JD,FestiveinDeath,,,,,F,US
"2014_Sherratt,Mel_WatchingOverYou_MY.txt",Fiction ,English ,,MY,2014,Sherratt,Mel,WatchingOverYou,,,,,F,UK
"2014_Slaughter,Karin_CopTown_MY.txt",Fiction ,English ,,MY,2014,Slaughter,Karin,CopTown,,,,,F,US
"2014_Stevens,Chevy_ThatNight_MY.txt",Fiction ,English ,,MY,2014,Stevens,Chevy,ThatNight,,,,,F,Canada
"2014_Turner,Stevie_AHouseWithoutWindows_MY.txt",Fiction ,English ,,MY,2014,Turner,Stevie,AHouseWithoutWindows,,,,,F,UK
"2014_Unger,Lisa_IntheBlood_MY.txt",Fiction ,English ,,MY,2014,Unger,Lisa,IntheBlood,,,,,F,US
"2014_Weaver,Ashley_MurderattheBrightwell_MY.txt",Fiction ,English ,,MY,2014,Weaver,Ashley,MurderattheBrightwell,,,,,F,US
"2015_Ahlborn,Ania_WithinTheseWalls_MY.txt",Fiction ,English ,,MY,2015,Ahlborn,Ania,WithinTheseWalls,,,,,F,Poland
"2015_Arlen,Tessa_DeathofaDishonorableGentlemen_MY.txt",Fiction ,English ,,MY,2015,Arlen,Tessa,DeathofaDishonorableGentlemen,,,,,F,UK
"2015_Bolton,Sharon_LittleBlackLies_MY.txt",Fiction ,English ,,MY,2015,Bolton,Sharon,LittleBlackLies,,,,,F,UK
"2015_Elliot,Kendra_Spiraled_MY.txt",Fiction ,English ,,MY,2015,Elliot,Kendra,Spiraled,,,,,F,US
"2015_Gardner,Lisa_Crash&Burn_MY.txt",Fiction ,English ,,MY,2015,Gardner,Lisa,Crash&Burn,,,,,F,US
"2015_Griffiths,Elly_TheGhostFields_MY.txt",Fiction ,English ,,MY,2015,Griffiths,Elly,TheGhostFields,,,,,F,UK
"2015_Hinton,Lynne_TheCaseoftheSinCitySister_MY.txt",Fiction ,English ,,MY,2015,Hinton,Lynne,TheCaseoftheSinCitySister,,,,,F,US
"2015_Jaff,Sophie_LoveisRed_MY.txt",Fiction ,English ,,MY,2015,Jaff,Sophie,LoveisRed,,,,,F,South Africa/US
"2015_Jones,Darynda_EighthGraveAfterDark_MY.txt",Fiction ,English ,,MY,2015,Jones,Darynda,EighthGraveAfterDark,,,,,F,US
"2015_King,LaurieR_DreamingSpies_MY.txt",Fiction ,English ,,MY,2015,King,LaurieR,DreamingSpies,,,,,F,US
"2015_Knight,Renee_Disclaimer_MY.txt",Fiction ,English ,,MY,2015,Knight,Renee,Disclaimer,,,,,F,UK
"2015_Knoll,Jessica_LuckiestGirlAlive_MY.txt",Fiction ,English ,,MY,2015,Knoll,Jessica,LuckiestGirlAlive,,,,,F,US
"2015_Marsons,Angela_EvilGames_MY.txt",Fiction ,English ,,MY,2015,Marsons,Angela,EvilGames,,,,,F,UK
"2015_Marsons,Angela_SilentScream_MY.txt",Fiction ,English ,,MY,2015,Marsons,Angela,SilentScream,,,,,F,UK
"2015_McCreight,Kimberly_WhereTheyFoundHer_MY.txt",Fiction ,English ,,MY,2015,McCreight,Kimberly,WhereTheyFoundHer,,,,,F,US
"2015_Price,Richard_TheWhites_MY.txt",Fiction ,English ,,MY,2015,Price,Richard,TheWhites,,,,,F,US
"2015_Pulley,DM_TheDeadKey_MY.txt",Fiction ,English ,,MY,2015,Pulley,DM,TheDeadKey,,,,,F,US
"2015_Quick,Amanda_GardenofLies_MY.txt",Fiction ,English ,,MY,2015,Quick,Amanda,GardenofLies,,,,,F,US
"2015_Robb,JD_ObsessioninDeath_MY.txt",Fiction ,English ,,MY,2015,Robb,JD,ObsessioninDeath,,,,,F,US
"2015_Salvalaggio,Karin_BurntRiver_MY.txt",Fiction ,English ,,MY,2015,Salvalaggio,Karin,BurntRiver,,,,,F,US
"2015_Scottoline,Lisa_EveryFifteenMinutes_MY.txt",Fiction ,English ,,MY,2015,Scottoline,Lisa,EveryFifteenMinutes,,,,,F,US
"2015_Sherratt,Mel_FollowtheLeader_MY.txt",Fiction ,English ,,MY,2015,Sherratt,Mel,FollowtheLeader,,,,,F,UK
"2015_Swyler,Erika_TheBookofSpeculation_MY.txt",Fiction ,English ,,MY,2015,Swyler,Erika,TheBookofSpeculation,,,,,F,US
"2015_Tyson,Wendy_DyingBrand_MY.txt",Fiction ,English ,,MY,2015,Tyson,Wendy,DyingBrand,,,,,F,US
"2015_White,Karen_TheSoundofGlass_MY.txt",Fiction ,English ,,MY,2015,White,Karen,TheSoundofGlass,,,,,F,US
"2015_Winspear,Jacqueline_ADangerousPlace_MY.txt",Fiction ,English ,,MY,2015,Winspear,Jacqueline,ADangerousPlace,,,,,F,UK
"2016_Armstrong,Kelley_CityoftheLost_MY.txt",Fiction,English,,MY,2016,Armstrong,Kelley,City of the Lost,,,,,F,
"2016_Banner,AJ_TheTwilightWife_MY.txt",Fiction,English,,MY,2016,Banner,AJ,The Twilight Wife,,,,,F,
"2016_Barton,Fiona_TheWidow_MY.txt",Fiction,English,,MY,2016,Barton,Fiona,The Widow,,,,,F,
"2016_Black,Lisa_ThatDarkness_MY.txt",Fiction,English,,MY,2016,Black,Lisa,That Darkness (A Gardiner and Renner Novel),,,,,F,
"2016_Breen,Susan_MaggieDovesDetectiveAgency_MY.txt",Fiction,English,,MY,2016,Breen,Susan,Maggie Dove's Detective Agency,,,,,F,
"2016_Croft,Kathryn_WhileYouWereSleeping_MY.txt",Fiction,English,,MY,2016,Croft,Kathryn,While You Were Sleeping,,,,,F,
"2016_Dolamore,Jaclyn_TheSorcerersConcubine_MY.txt",Fiction,English,,MY,2016,Dolamore,Jaclyn,The Sorcerer's Concubine,,,,,F,
"2016_Golden,Alison_Stolen_MY.txt",Fiction,English,,MY,2016,Golden,Alison,Stolen,,,,,F,
"2016_Grace,Celina_MurderatMerishamLodge_MY.txt",Fiction,English,,MY,2016,Grace,Celina,Murder at Merisham Lodge,,,,,F,
"2016_Jensen,Louise_TheGift_MY.txt",Fiction,English,,MY,2016,Jensen,Louise,The GIft,,,,,F,
"2016_Lapena,Shari_TheCoupleNextDoor_MY.txt",Fiction,English,,MY,2016,Lapena,Shari,The Couple Next Door,,,,,F,
"2016_Mackintosh,Clare_ILetYouGo_MY.txt",Fiction,English,,MY,2016,Mackintosh,Clare,I Let You Go,,,,,F,
"2016_Mackintosh,Clare_ISeeYou_MY.txt",Fiction,English,,MY,2016,Mackintosh,Clare,I See You,,,,,F,
"2016_Macmillan,Gilly_ThePerfectGirl_MY.txt",Fiction,English,,MY,2016,Macmillan,Gilly,The Perfect Girl,,,,,F,
"2016_Marsons,Angela_BloodLines_MY.txt",Fiction,English,,MY,2016,Marsons,Angela,Blood Lines,,,,,F,
"2016_Paris,BA_BehindClosedDoors_MY.txt",Fiction,English,,MY,2016,Paris,BA,Behind Closed Doors,,,,,F,
"2016_Perini,Robin_ForgottenSecrets_MY.txt",Fiction,English,,MY,2016,Perini,Robin,Forgotten Secrets,,,,,F,
"2016_Roberts,Nora_BayofSighs_MY.txt",Fiction,English,,MY,2016,Roberts,Nora,Bay of Sighs,,,,,F,
"2016_Roberts,Nora_IslandofGlass_MY.txt",Fiction,English,,MY,2016,Roberts,Nora,Island of Glass,,,,,F,
"2016_Slater,KL_SafeWithMe_MY.txt",Fiction,English,,MY,2016,Slater,KL,Safe With Me,,,,,F,
"2016_Ware,Ruth_InADarkDarkWood_MY.txt",Fiction,English,,MY,2016,Ware,Ruth,"In a Dark, Dark Wood",,,,,F,
"2016_Miranda,Megan_AllTheMissingGirls_MY.txt",Fiction,English,,MY_CT,2016,Miranda,Megan,All The Missing Girls,,,,,F,
"2016_Ashby,Madeline_CompanyTown_MY.txt",Fiction,English,,MY_SF,2016,Ashby,Madeline,Company Town,,Tor Books,,,F,
"2012_George,Elizabeth_TheEdgeofNowhere_MY.txt",Fiction ,English ,,MY_YA,2012,George,Elizabeth,TheEdgeofNowhere,,,,,F,US
"2013_McCreight,Kimberly_ReconstructingAmelia_MY.txt",Fiction ,English ,,MY_YA,2013,McCreight,Kimberly,ReconstructingAmelia,,,,,F,US
"2014_Fitzpatrick,Becca_BlackIce_MY.txt",Fiction ,English ,,MY_YA,2014,Fitzpatrick,Becca,BlackIce,,,,,F,US
"2015_Ahdieh,Renee_TheWrathandtheDawn_MY.txt",Fiction ,English ,,MY_YA,2015,Ahdieh,Renee,TheWrathandtheDawn,,,,,F,US
"2015_Juba,Stacy_DarkBeforeDawn_MY.txt",Fiction ,English ,,MY_YA,2015,Juba,Stacy,DarkBeforeDawn,,,,,F,US
"2015_Latham,Jennifer_ScarlettUndercover_MY.txt",Fiction ,English ,,MY_YA,2015,Latham,Jennifer,ScarlettUndercover,,,,,F,US
"2015_Oliver,Lauren_VanishingGirls_MY.txt",Fiction ,English ,,MY_YA,2015,Oliver,Lauren,VanishingGirls,,,,,F,US
"2015_Ryan,Carrie_DaughterofDeepSilence_MY.txt",Fiction ,English ,,MY_YA,2015,Ryan,Carrie,DaughterofDeepSilence,,,,,F,US
"2015_Stokes,Paula_LiarsInc_MY.txt",Fiction ,English ,,MY_YA,2015,Stokes,Paula,LiarsInc,,,,,F,US
"2015_Summers,Courtney_AlltheRage_MY.txt",Fiction ,English ,,MY_YA,2015,Summers,Courtney,AlltheRage,,,,,F,Canada
"2010_Pineiro,Caridad_StrongerthanSin_ROM.txt",Fiction ,English,,ROM,2010,Pineiro,Caridad,StrongerthanSin,,,,,F,US/Cuba
"2010_Wilson,Norah_GuardingSuzannah_ROM.txt",Fiction ,English,,ROM,2010,Wilson,Norah,GuardingSuzannah,,,,,F,Canada
"2011_Brookes,Lindsey_CapturingtheCowboysHeart_ROM.txt",Fiction ,English,,ROM,2011,Brookes,Lindsey,CapturingtheCowboysHeart,,,,,F,US
"2011_Carew,Opal_InTooDeep_ROM.txt",Fiction ,English,,ROM,2011,Carew,Opal,InTooDeep,,,,,F,Canada
"2011_Fenech,Karen_Imposter_ROM.txt",Fiction ,English,,ROM,2011,Fenech,Karen,Imposter,,,,,F,US
"2012_Brogan,Tracy_CrazyLittleThing_ROM.txt",Fiction ,English,,ROM,2012,Brogan,Tracy,CrazyLittleThing,,,,,F,US
"2012_Elliot,Kendra_Chilled_ROM.txt",Fiction ,English,,ROM,2012,Elliot,Kendra,Chilled,,,,,F,US
"2012_Elliot,Kendra_Hidden_ROM.txt",Fiction ,English,,ROM,2012,Elliot,Kendra,Hidden,,,,,F,US
"2012_Jacobs,Mara_WorthTheDrive_ROM.txt",Fiction ,English,,ROM,2012,Jacobs,Mara,WorthTheDrive,,,,,F,US
"2012_Kelly,Leslie_BringingDownSam_ROM.txt",Fiction ,English,,ROM,2012,Kelly,Leslie,BringingDownSam,,,,,F,US
"2012_Morgan,KelliAnne_TheRancher_ROM.txt",Fiction ,English,,ROM,2012,Morgan,KelliAnne,TheRancher,,,,,F,US
"2012_Shawn,Melanie_SweetReunion_ROM.txt",Fiction ,English,,ROM,2012,Shawn,Melanie,SweetReunion,,,,,F,US
"2012_Sheehan,Madeline_Undeniable_ROM.txt",Fiction ,English,,ROM,2012,Sheehan,Madeline,Undeniable,,,,,F,US
"2013_Daniels,Elise_Awake_ROM.txt",Fiction ,English,,ROM,2013,Daniels,Elise,Awake,,,,,F,US
"2013_Dune,Lyla_LowTideBikini_ROM.txt",Fiction ,English,,ROM,2013,Dune,Lyla,LowTideBikini,,,,,F,US
"2013_Elliot,Kendra_Buried_ROM.txt",Fiction ,English,,ROM,2013,Elliot,Kendra,Buried,,,,,F,US
"2013_Gabriel,Julia_Cupcakes&Chardonnay_ROM.txt",Fiction ,English,,ROM,2013,Gabriel,Julia,Cupcakes&Chardonnay,,,,,F,US
"2013_Jaymes,River_TheBackupBoyfriend_ROM.txt",Fiction ,English,,ROM,2013,Jaymes,River,TheBackupBoyfriend,,,,,F,US
"2013_Layne,Kennedy_SinfulResurrection_ROM.txt",Fiction ,English,,ROM,2013,Layne,Kennedy,SinfulResurrection,,,,,F,US
"2013_Madden,JM_EmbattledHearts_ROM.txt",Fiction ,English,,ROM,2013,Madden,JM,EmbattledHearts,,,,,F,US
"2013_Marton,Dana_Deathtrap_ROM.txt",Fiction ,English,,ROM,2013,Marton,Dana,Deathtrap,,,,,F,US
"2013_McCarthy,Kate_FightingRedemption_ROM.txt",Fiction ,English,,ROM,2013,McCarthy,Kate,FightingRedemption,,,,,F,Australia
"2013_Meyer,Tijan_CarterReed_ROM.txt",Fiction ,English,,ROM,2013,Meyer,Tijan,CarterReed,,,,,F,US
"2013_Moore,Addison_BeautifulOblivion_ROM.txt",Fiction ,English,,ROM,2013,Moore,Addison,BeautifulOblivion,,,,,F,US
"2013_Mummert,Teresa_TheNote_ROM.txt",Fiction ,English,,ROM,2013,Mummert,Teresa,TheNote,,,,,F,US
"2013_Reynard,Sylvain_GabrielsRedemption_ROM.txt",Fiction ,English,,ROM,2013,Reynard,Sylvain,GabrielsRedemption,,,,,F,US
"2013_Sex,Nikki_WhatWendyWants_ROM.txt",Fiction ,English,,ROM,2013,Sex,Nikki,WhatWendyWants,,,,,F,US
"2014_Adams,Carina_ForeverRed_ROM.txt",Fiction ,English,,ROM,2014,Adams,Carina,ForeverRed,,,,,F,US
"2014_Adams,Evelyn_FeelsLikeHome_ROM.txt",Fiction ,English,,ROM,2014,Adams,Evelyn,FeelsLikeHome,,,,,F,US
"2014_Armentrout,JenniferL_TheReturn_ROM.txt",Fiction ,English,,ROM,2014,Armentrout,JenniferL,TheReturn,,,,,F,US
"2014_Ashley,Kristen_TheWill_ROM.txt",Fiction ,English,,ROM,2014,Ashley,Kristen,TheWill,,,,,F,US
"2014_Aurora,Belle_RAW_ROM.txt",Fiction ,English,,ROM,2014,Aurora,Belle,RAW,,,,,F,Australia
"2014_Blakely,Lauren_NightAfterNight_ROM.txt",Fiction ,English,,ROM,2014,Blakely,Lauren,NightAfterNight,,,,,F,US
"2014_Brant,Kylie_11_ROM.txt",Fiction ,English,,ROM,2014,Brant,Kylie,11,,,,,F,US
"2014_Brogan,Tracy_TheBestMedicine_ROM.txt",Fiction ,English,,ROM,2014,Brogan,Tracy,TheBestMedicine,,,,,F,US
"2014_Bromberg,K_Crashed_ROM.txt",Fiction ,English,,ROM,2014,Bromberg,K,Crashed,,,,,F,US
"2014_Charles,Ann_TheGreatJackalopeStampede_ROM.txt",Fiction ,English,,ROM,2014,Charles,Ann,TheGreatJackalopeStampede,,,,,F,US
"2014_Chase,Emma_Tamed_ROM.txt",Fiction ,English,,ROM,2014,Chase,Emma,Tamed,,,,,F,US
"2014_Connor,Claudia_WorththeFall_ROM.txt",Fiction ,English,,ROM,2014,Connor,Claudia,WorththeFall,,,,,F,US
"2014_Dare,Tessa_RomancingtheDuke_ROM.txt",Fiction ,English,,ROM,2014,Dare,Tessa,RomancingtheDuke,,,,,F,US
"2014_Elliot,Kendra_Alone_ROM.txt",Fiction ,English,,ROM,2014,Elliot,Kendra,Alone,,,,,F,US
"2014_Elliot,Kendra_Vanished_ROM.txt",Fiction ,English,,ROM,2014,Elliot,Kendra,Vanished,,,,,F,US
"2014_Flynn,Avery_HollywoodonTap_ROM.txt",Fiction ,English,,ROM,2014,Flynn,Avery,HollywoodonTap,,,,,F,US
"2014_Harber,Cristin_SweetGirl_ROM.txt",Fiction ,English,,ROM,2014,Harber,Cristin,SweetGirl,,,,,F,US
"2014_Harlow,Melanie_Forked_ROM.txt",Fiction ,English,,ROM,2014,Harlow,Melanie,Forked,,,,,F,US
"2014_Holden,Kim_BrightSide_ROM.txt",Fiction ,English,,ROM,2014,Holden,Kim,BrightSide,,,,,F,US
"2014_Hoover,Colleen_MaybeSomeday_ROM.txt",Fiction ,English,,ROM,2014,Hoover,Colleen,MaybeSomeday,,,,,F,US
"2014_Hoover,Colleen_UglyLove_ROM.txt",Fiction ,English,,ROM,2014,Hoover,Colleen,UglyLove,,,,,F,US
"2014_Ione,Larissa_Azagoth_ROM.txt",Fiction ,English,,ROM,2014,Ione,Larissa,Azagoth,,,,,F,US
"2014_James,Elle_SEALsEmbrace_ROM.txt",Fiction ,English,,ROM,2014,James,Elle,SEALsEmbrace,,,,,F,US
"2014_Jewel,Bella_TilDeathVolumeOne_ROM.txt",Fiction ,English,,ROM,2014,Jewel,Bella,TilDeathVolumeOne,,,,,F,Australia
"2014_Langston,K_UntilYoureMine_ROM.txt",Fiction ,English,,ROM,2014,Langston,K,UntilYoureMine,,,,,F,US
"2014_Lauren,Christina_SweetFilthyBoy_ROM.txt",Fiction ,English,,ROM,2014,Lauren,Christina,SweetFilthyBoy,,,,,F,US
"2014_Leigh,Melinda_HourofNeed_ROM.txt",Fiction ,English,,ROM,2014,Leigh,Melinda,HourofNeed,,,,,F,US
"2014_LoveWins,Bella_CabinHeat_ROM.txt",Fiction ,English,,ROM,2014,LoveWins,Bella,CabinHeat,,,,,F,US
"2014_Lund,SE_TheAgreement_ROM.txt",Fiction ,English,,ROM,2014,Lund,SE,TheAgreement,,,,,F,US
"2014_Maxlyn,Amanda_WhatsLeftofMe_ROM.txt",Fiction ,English,,ROM,2014,Maxlyn,Amanda,WhatsLeftofMe,,,,,F,US
"2014_McLean,Jay_MoreThanHim_ROM.txt",Fiction ,English,,ROM,2014,McLean,Jay,MoreThanHim,,,,,F,Phillipines
"2014_Mercier,Anne_FallingDown_ROM.txt",Fiction ,English,,ROM,2014,Mercier,Anne,FallingDown,,,,,F,US
"2014_Netzel,AC_TheCasualRule_ROM.txt",Fiction ,English,,ROM,2014,Netzel,AC,TheCasualRule,,,,,F,US
"2014_Noble,Olivia_DeadlyLust_ROM.txt",Fiction ,English,,ROM,2014,Noble,Olivia,DeadlyLust,,,,,F,US
"2014_Noble,Olivia_SecretsExposed_ROM.txt",Fiction ,English,,ROM,2014,Noble,Olivia,SecretsExposed,,,,,F,US
"2014_Noble,Olivia_ThePrivateRoom_ROM.txt",Fiction ,English,,ROM,2014,Noble,Olivia,ThePrivateRoom,,,,,F,US
"2014_Phillips,Carly_DaretoDesire_ROM.txt",Fiction ,English,,ROM,2014,Phillips,Carly,DaretoDesire,,,,,F,US
"2014_Raine,Alice_TheDarknessWithinHim_ROM.txt",Fiction ,English,,ROM,2014,Raine,Alice,TheDarknessWithinHim,,,,,F,UK
"2014_Savage,Shay_Transcendence_ROM.txt",Fiction ,English,,ROM,2014,Savage,Shay,Transcendence,,,,,F,US
"2014_Scott,Kylie_Play_ROM.txt",Fiction ,English,,ROM,2014,Scott,Kylie,Play,,,,,F,Australia
"2014_Sheridan,Mia_ArchersVoice_ROM.txt",Fiction ,English,,ROM,2014,Sheridan,Mia,ArchersVoice,,,,,F,US
"2014_Singh,Nalini_ShieldofWinter_ROM.txt",Fiction ,English,,ROM,2014,Singh,Nalini,ShieldofWinter,,,,,F,Fiji
"2014_StClaire,Roxanne_BarefootinWhite_ROM.txt",Fiction ,English,,ROM,2014,StClaire,Roxanne,BarefootinWhite,,,,,F,US
"2014_Torre,Alessandra_BlackLies_ROM.txt",Fiction ,English,,ROM,2014,Torre,Alessandra,BlackLies,,,,,F,US
"2014_Ward,JR_TheKing_ROM.txt",Fiction ,English,,ROM,2014,Ward,JR,TheKing,,,,,F,US
"2014_Ward,Penelope_StepbrotherDearest_ROM.txt",Fiction ,English,,ROM,2014,Ward,Penelope,StepbrotherDearest,,,,,F,US
"2014_Wilder,Jasinda_FallingAway_ROM.txt",Fiction ,English,,ROM,2014,Wilder,Jasinda,FallingAway,,,,,F,US
"2014_Wright,Cynthia_SmugglersMoon_ROM.txt",Fiction ,English,,ROM,2014,Wright,Cynthia,SmugglersMoon,,,,,F,US
"2014_York,Zoe_LoveinaSmallTown_ROM.txt",Fiction ,English,,ROM,2014,York,Zoe,LoveinaSmallTown,,,,,F,Canada
"2014_Young,Samantha_BeforeJamaicaLane_ROM.txt",Fiction ,English,,ROM,2014,Young,Samantha,BeforeJamaicaLane,,,,,F,UK
"2014_Zanders,Abbie_DangerousSecrets_ROM.txt",Fiction ,English,,ROM,2014,Zanders,Abbie,DangerousSecrets,,,,,F,US
"2015_Alexander,Victoria_TheDaringExploitsofaRunawayHeiress_ROM.txt",Fiction ,English,,ROM,2015,Alexander,Victoria,TheDaringExploitsofaRunawayHeiress,,,,,F,US
"2015_Armentrout,JenniferL_FallWithMe_ROM.txt",Fiction ,English,,ROM,2015,Armentrout,Jennifer,FallWithMe,,,,,F,US
"2015_Ashley,Jennifer_Grant_ROM.txt",Fiction ,English,,ROM,2015,Ashley,Jennifer,Grant,,,,,F,US
"2015_Bladon,Deborah_CHANCE_ROM.txt",Fiction ,English,,ROM,2015,Bladon,Deborah,CHANCE,,,,,F,Canada
"2015_Bladon,Deborah_EMBER_ROM.txt",Fiction ,English,,ROM,2015,Bladon,Deborah,EMBER,,,,,F,Canada
"2015_Blair,EK_Echo_ROM.txt",Fiction ,English,,ROM,2015,Blair,EK,Echo,,,,,F,US
"2015_Bowen,Sarina_ShootingFortheStars_ROM.txt",Fiction ,English,,ROM,2015,Bowen,Sarina,ShootingFortheStars,,,,,F,US
"2015_Boyd,Natasha_DeepBlueEternity_ROM.txt",Fiction ,English,,ROM,2015,Boyd,Natasha,DeepBlueEternity,,,,,F,Denmark
"2015_Brent,Cora_Unruly_ROM.txt",Fiction ,English,,ROM,2015,Brent,Cora,Unruly,,,,,F,US
"2015_Callihan,Kristen_TheFriendZone_ROM.txt",Fiction ,English,,ROM,2015,Callihan,Kristen,TheFriendZone,,,,,F,US
"2015_Carmack,Cora_AllPlayedOut_ROM.txt",Fiction ,English,,ROM,2015,Carmack,Cora,AllPlayedOut,,,,,F,US
"2015_Carter,Mina_TheMistresstakesaMate_ROM.txt",Fiction ,English,,ROM,2015,Carter,Mina,TheMistresstakesaMate,,,,,F,UK
"2015_Clare,Jessica_LastKiss_ROM.txt",Fiction ,English,,ROM,2015,Clare,Jessica,LastKiss,,,,,F,US
"2015_Cole,Kresley_TheMaster_ROM.txt",Fiction ,English,,ROM,2015,Cole,Kresley,TheMaster,,,,,F,US
"2015_Cooper,JS_OneNightStand_ROM.txt",Fiction ,English,,ROM,2015,Cooper,JS,OneNightStand,,,,,F,UK
"2015_Crews,Caitlin_GreeksLastRedemption_ROM.txt",Fiction ,English,,ROM,2015,Crews,Caitlin,GreeksLastRedemption,,,,,F,US
"2015_Cross,Kaylea_CollateralDamage_ROM.txt",Fiction ,English,,ROM,2015,Cross,Kaylea,CollateralDamage,,,,,F,Canada
"2015_Crownover,Jay_Asa_ROM.txt",Fiction ,English,,ROM,2015,Crownover,Jay,Asa,,,,,F,US
"2015_Cruise,Marilyn_TheBlackChapel_ROM.txt",Fiction ,English,,ROM,2015,Cruise,Marilyn,TheBlackChapel,,,,,F,US
"2015_Douglas,Penelope_FallingAway_ROM.txt",Fiction ,English,,ROM,2015,Douglas,Penelope,FallingAway,,,,,F,US
"2015_Edwards,Nicole_Brendon_ROM.txt",Fiction ,English,,ROM,2015,Edwards,Nicole,Brendon,,,,,F,US
"2015_Edwards,Nicole_Sawyer_ROM.txt",Fiction ,English,,ROM,2015,Edwards,Nicole,Sawyer,,,,,F,US
"2015_Elliot,Kendra_Bridged_ROM.txt",Fiction ,English,,ROM,2015,Elliot,Kendra,Bridged,,,,,F,US
"2015_Elliott,Kelly_HoldingYou_ROM.txt",Fiction ,English,,ROM,2015,Elliott,Kelly,HoldingYou,,,,,F,US
"2015_Feehan,Christine_CatsLair_ROM.txt",Fiction ,English,,ROM,2015,Feehan,Christine,CatsLair,,,,,F,US
"2015_Fisher,Tarryn_Marrow_ROM.txt",Fiction ,English,,ROM,2015,Fisher,Tarryn,Marrow,,,,,F,South Africa
"2015_Foor,Jennifer_Binge_ROM.txt",Fiction ,English,,ROM,2015,Foor,Jennifer,Binge,,,,,F,US
"2015_Ford,Hannah_WhatHeFights_ROM.txt",Fiction ,English,,ROM,2015,Ford,Hannah,WhatHeFights,,,,,F,US
"2015_Frank,Ella_Trust_ROM.txt",Fiction ,English,,ROM,2015,Frank,Ella,Trust,,,,,F,US
"2015_Frost,Jeaniene_BoundByFlames_ROM.txt",Fiction ,English,,ROM,2015,Frost,Jeaniene,BoundByFlames,,,,,F,US
"2015_Glines,Abbi_WhenImGone_ROM.txt",Fiction ,English,,ROM,2015,Glines,Abbi,WhenImGone,,,,,F,US
"2015_Halle,Karina_WhereSeaMeetsSky_ROM.txt",Fiction ,English,,ROM,2015,Halle,Karina,WhereSeaMeetsSky,,,,,F,Canada
"2015_Harlow,Melanie_Floored_ROM.txt",Fiction ,English,,ROM,2015,Harlow,Melanie,Floored,,,,,F,US
"2015_Harlow,Melanie_Frenched_Series_Bundle_ROM.txt",Fiction ,English,,ROM,2015,Harlow,Melanie,Frenched,,,,,F,US
"2015_Harrison,Thea_MidnightsKiss_ROM.txt",Fiction ,English,,ROM,2015,Harrison,Thea,MidnightsKiss,,,,,F,US
"2015_Hart,Emma_DirtyPast_ROM.txt",Fiction ,English,,ROM,2015,Hart,Emma,DirtyPast,,,,,F,UK
"2015_Hawk,Chloe_StepbrotherProtects_ROM.txt",Fiction ,English,,ROM,2015,Hawk,Chloe,StepbrotherProtects,,,,,F,US
"2015_Hewitt,Kate_MarakaiosMarriage_ROM.txt",Fiction ,English,,ROM,2015,Hewitt,Kate,MarakaiosMarriage,,,,,F,US
"2015_Hunting,Helena_PUCKED_ROM.txt",Fiction ,English,,ROM,2015,Hunting,Helena,PUCKED,,,,,F,Canada
"2015_Jackson,AL_ComeToMeRecklessly_ROM.txt.txt",Fiction ,English,,ROM,2015,Jackson,AL,ComeToMeRecklessly,,,,,F,US
"2015_Jagger,Eve_Hard_ROM.txt",Fiction ,English,,ROM,2015,Jagger,Eve,Hard,,,,,F,US
"2015_James,Nicole_WOLF_ROM.txt",Fiction ,English,,ROM,2015,James,Nicole,WOLF,,,,,F,US
"2015_Jewel,Bella_TilDeath_ROM.txt",Fiction ,English,,ROM,2015,Jewel,Bella,TilDeath,,,,,F,Australia
"2015_Jewel,Bella_TilDeathVolumeTwo_ROM.txt",Fiction ,English,,ROM,2015,Jewel,Bella,TilDeathVolumeTwo,,,,,F,Australia
"2015_Kennedy,Elle_FlashFire_ROM.txt",Fiction ,English,,ROM,2015,Kennedy,Elle,FlashFire,,,,,F,Canada
"2015_Kennedy,Elle_TheDeal_ROM.txt",Fiction ,English,,ROM,2015,Kennedy,Elle,TheDeal,,,,,F,Canada
"2015_Kennedy,Elle_TheMistake_ROM.txt",Fiction ,English,,ROM,2015,Kennedy,Elle,TheMistake,,,,,F,Canada
"2015_King,CM_ICherishYourHeart_ROM.txt",Fiction ,English,,ROM,2015,King,CM,ICherishYourHeart,,,,,F,UK
"2015_Lain,Tara_KnightofOceanAvenue_ROM.txt",Fiction ,English,,ROM,2015,Lain,Tara,KnightofOceanAvenue,,,,,F,US
"2015_Leighten,M_PocketfulofSand_ROM.txt",Fiction ,English,,ROM,2015,Leighten,M,PocketfulofSand,,,,,F,US
"2015_Lewis,RJ_Carter_ROM.txt",Fiction ,English,,ROM,2015,Lewis,RJ,Carter,,,,,F,Canada
"2015_Lewis,RJ_Leah_ROM.txt",Fiction ,English,,ROM,2015,Lewis,RJ,Leah,,,,,F,Canada
"2015_Linde,KA_Diamonds_ROM.txt",Fiction ,English,,ROM,2015,Linde,KA,Diamonds,,,,,F,US
"2015_Lynn,Michelle_LoveSurfaced_ROM.txt",Fiction ,English,,ROM,2015,Lynn,Michelle,LoveSurfaced,,,,,F,US
"2015_Lynn,Sandi_HisProposedDeal_ROM.txt",Fiction ,English,,ROM,2015,Lynn,Sandi,HisProposedDeal,,,,,F,US
"2015_Lynn,Sandi_LoveLust&AMillionaire_ROM.txt",Fiction ,English,,ROM,2015,Lynn,Sandi,LoveLust&AMillionaire,,,,,F,US
"2015_Mabie,M_Sail_ROM.txt",Fiction ,English,,ROM,2015,Mabie,M,Sail,,,,,F,US
"2015_MacLean,Julianne_TheColorofJoy_ROM.txt",Fiction ,English,,ROM,2015,MacLean,Julianne,TheColorofJoy,,,,,F,Canada
"2015_Macomber,Debbie_BackonBlossomStreet_ROM.txt",Fiction ,English,,ROM,2015,Macomber,Debbie,BackonBlossomStreet,,,,,F,US
"2015_Malpas,JodiEllen_OneNightUnveiled_ROM.txt",Fiction ,English,,ROM,2015,Malpas,JodiEllen,OneNightUnveiled,,,,,F,UK
"2015_Martin,Lex_KissingMadeline_ROM.txt",Fiction ,English,,ROM,2015,Martin,Lex,KissingMadeline,,,,,F,US
"2015_Mathewson,RL_DoubleDare_ROM.txt",Fiction ,English,,ROM,2015,Mathewson,RL,DoubleDare,,,,,F,US
"2015_McLaughlin,Heidi_ChooseMe_ROM.txt",Fiction ,English,,ROM,2015,McLaughlin,Heidi,ChooseMe,,,,,F,US
"2015_Medley,Lisa_Reap&Repent_ROM.txt",Fiction ,English,,ROM,2015,Medley,Lisa,Reap&Repent,,,,,F,US
"2015_Meyer,Marie_AcrosstheDistance_ROM.txt",Fiction ,English,,ROM,2015,Meyer,Marie,AcrosstheDistance,,,,,F,US
"2015_Meyer,Tijan_CarterReed2_ROM.txt",Fiction ,English,,ROM,2015,Meyer,Tijan,CarterReed2,,,,,F,US
"2015_Michaels,Jess_TheWidowWager_ROM.txt",Fiction ,English,,ROM,2015,Michaels,Jess,TheWidowWager,,,,,F,US
"2015_Michele,Beth_FortheLoveofRaindrops_ROM.txt",Fiction ,English,,ROM,2015,Michele,Beth,FortheLoveofRaindrops,,,,,F,US
"2015_Moning,KarenMarie_Burned_ROM.txt",Fiction ,English,,ROM,2015,Moning,KarenMarie,Burned,,,,,F,US
"2015_Morey,Trish_CaptiveofKadar_ROM.txt",Fiction ,English,,ROM,2015,Morey,Trish,CaptiveofKadar,,,,,F,US
"2015_Mosteller,MistiD_TheFatRules_ROM.txt",Fiction ,English,,ROM,2015,Mosteller,MistiD,TheFatRules,,,,,F,US
"2015_Nissenson,Janet_Shattered_ROM.txt",Fiction ,English,,ROM,2015,Nissenson,Janet,Shattered,,,,,F,US
"2015_Pierce,M_AfterDark_ROM.txt",Fiction ,English,,ROM,2015,Pierce,M,AfterDark,,,,,F,US
"2015_Proby,Kristen_EasyLove_ROM.txt",Fiction ,English,,ROM,2015,Proby,Kristen,EasyLove,,,,,F,US
"2015_Reid,Stacy_SinsofaDuke_ROM.txt",Fiction ,English,,ROM,2015,Reid,Stacy,SinsofaDuke,,,,,F,US
"2015_Reilly,Cora_BoundByHatred_ROM.txt",Fiction ,English,,ROM,2015,Reilly,Cora,BoundByHatred,,,,,F,US
"2015_Reynolds,AuroraRose_UntilJuly_ROM.txt",Fiction ,English,,ROM,2015,Reynolds,AuroraRose,UntilJuly,,,,,F,US
"2015_Ritchie,Krista_FuelTheFire_ROM.txt",Fiction ,English,,ROM,2015,Ritchie,Krista,FuelTheFire,,,,,F,US
"2015_Roberts,Nora_TheLiar_ROM.txt",Fiction ,English,,ROM,2015,Roberts,Nora,TheLiar,,,,,F,US
"2015_Ryan,Kaylee_JustSayWhen_ROM.txt",Fiction ,English,,ROM,2015,Ryan,Kaylee,JustSayWhen,,,,,F,US
"2015_Ryan,Kendall_TheGentlemanMentor_ROM.txt",Fiction ,English,,ROM,2015,Ryan,Kendall,TheGentlemanMentor,,,,,F,US
"2015_Scott,Ginger_WildReckless_ROM.txt",Fiction ,English,,ROM,2015,Scott,Ginger,WildReckless,,,,,F,US
"2015_Scott,JS_NoOrdinaryBillionaire_ROM.txt",Fiction ,English,,ROM,2015,Scott,JS,NoOrdinaryBillionaire,,,,,F,US
"2015_Shea,Rebecca_BrokenbyLies_ROM.txt",Fiction ,English,,ROM,2015,Shea,Rebecca,BrokenbyLies,,,,,F,US
"2015_Silver,Jordan_TheCrush_ROM.txt",Fiction ,English,,ROM,2015,Silver,Jordan,TheCrush,,,,,F,US
"2015_Silver,Jordan_TheSoccerMomsBadBoy_ROM.txt",Fiction ,English,,ROM,2015,Silver,Jordan,TheSoccerMomsBadBoy,,,,,F,US
"2015_Sivec,Tara_WorththeTrip_ROM.txt",Fiction ,English,,ROM,2015,Sivec,Tara,WorththeTrip,,,,,F,US
"2015_Slaughter,Phoenyx_Asunder_ROM.txt",Fiction ,English,,ROM,2015,Slaughter,Phoenyx,Asunder,,,,,F,US
"2015_Smart,Michelle_TheGreeksPregnantBride_ROM.txt",Fiction ,English,,ROM,2015,Smart,Michelle,TheGreeksPregnantBride,,,,,F,US
"2015_Smeltzer,Micalea_NeverTooLate_ROM.txt",Fiction ,English,,ROM,2015,Smeltzer,Micalea,NeverTooLate,,,,,F,US
"2015_Snow,Nicole_StepbrotherCharming_ROM.txt",Fiction ,English,,ROM,2015,Snow,Nicole,StepbrotherCharming,,,,,F,US
"2015_Stephens,SC_Thoughtful_ROM.txt",Fiction ,English,,ROM,2015,Stephens,SC,Thoughtful,,,,,F,US
"2015_Sterling,J_10YearsLater_ROM.txt",Fiction ,English,,ROM,2015,Sterling,J,10YearsLater,,,,,F,US
"2015_Stoker,Susan_ProtectingCheyenne_ROM.txt",Fiction ,English,,ROM,2015,Stoker,Susan,ProtectingCheyenne,,,,,F,US
"2015_Suzanne,Ashley_Rekindle_ROM.txt",Fiction ,English,,ROM,2015,Suzanne,Ashley,Rekindle,,,,,F,US
"2015_Taiden,Milly_StripeTease_ROM.txt",Fiction ,English,,ROM,2015,Taiden,Milly,StripeTease,,,,,F,Dominican Republic
"2015_Taiden,Milly_TallDarkandPanther_ROM.txt",Fiction ,English,,ROM,2015,Taiden,Milly,TallDarkandPanther,,,,,F,Dominican Republic
"2015_TheMadTatter_Darhower,JM_ROM.txt",Fiction ,English,,ROM,2015,Darhower,JM,TheMadTatter,,,,,F,US
"2015_Tucker,KA_BecomingRain_ROM.txt",Fiction ,English,,ROM,2015,Tucker,KA,BecomingRain,,,,,F,Canada
"2015_Vale,LaniLynn_CenterMass_ROM.txt",Fiction ,English,,ROM,2015,Vale,LaniLynn,CenterMass,,,,,F,US
"2015_Wade,Ellie_ABeautifulKindofLove_ROM.txt",Fiction ,English,,ROM,2015,Wade,Ellie,ABeautifulKindofLove,,,,,F,US
"2015_Waltz,Vanessa_KnockedUpbytheBadBoy_ROM.txt",Fiction ,English,,ROM,2015,Waltz,Vanessa,KnockedUpbytheBadBoy,,,,,F,US
"2015_Ward,HM_Life_BeforeDamaged_ROM.txt",Fiction ,English,,ROM,2015,Ward,HM,LifeBeforeDamage,,,,,F,US
"2015_Wilder,L_Combust_ROM.txt",Fiction ,English,,ROM,2015,Wilder,L,Combust,,,,,F,US
"2015_Williams,WhitneyGracia_SincerelyCarter_ROM.txt",Fiction ,English,,ROM,2015,Williams,WhitneyGracia,SincerelyCarter,,,,,F,US
"2015_Winters,Pepper_ThirdDebt_ROM.txt",Fiction ,English,,ROM,2015,Winters,Pepper,ThirdDebt,,,,,F,US
"2015_Wood,Jessica_PromisetoMarry_ROM.txt",Fiction ,English,,ROM,2015,Wood,Jessica,PromisetoMarry,,,,,F,US
"2015_Wylde,Joanna_SilverBastard_ROM.txt",Fiction ,English,,ROM,2015,Wylde,Joanna,SilverBastard,,,,,F,US
"2015_Zolendz,Christine_HeresToFalling_ROM.txt",Fiction ,English,,ROM,2015,Zolendz,Christine,HeresToFalling,,,,,F,US
"2016_Bouchet,Amanda_APromiseofFire_ROM.txt",Fiction,English,,ROM,2016,Bouchet,Amanda,A Promise of Fire,,Sourcebooks Casablanca,,,F,
"2016_Lauren,Christina_Beautiful_ROM.txt",Fiction,English,,ROM,2016,Lauren,Christina,Beautiful,,Simon & Schuster,,,F,
"2016_Scott,Kylie_DirtyADiveBarNovel_ROM.txt",Fiction,English,,ROM,2016,Scott,Kylie,Dirty: A Dive Bar Novel,,St. Martin's Griffin,,,F,
"2016_Roberts,HollyS_HeatOutlawRomanticSuspense_ROM.txt",Fiction,English,,ROM,2016,Roberts,Holly S.,Heat: Outlaw Romantic Suspense,,Four Carat Press,,,F,
"2016_Hoover,Colleen_ItEndsWithUs_ROM.txt",Fiction,English,,ROM,2016,Hoover,Colleen,It Ends With Us,,Atria Books,,,F,
"2016_Eliott,Kendra_KnownABoneSecretsNovel_ROM.txt",Fiction,English,,ROM,2016,Eliott,Kendra,Known (A Bone Secrets Novel),,Montlake Romance,,,F,
"2016_McGoldrick,May_TamingtheHighlander_ROM.txt",Fiction,English,,ROM,2016,McGoldrick,May,Taming the Highlander,,Macmillan CA,,,F,
"2016_Bell,Anna_TheBucketListtoMendaBrokenHeart_ROM.txt",Fiction,English,,ROM,2016,Bell,Anna,The Bucket List to Mend a Broken Heart,,Zaffre,,,F,
"2016_Mallery,Susan_TheFriendsWeKeep_ROM.txt",Fiction,English,,ROM,2016,Mallery,Susan,The Friends We Keep,,MIRA / Harlequin,,,F,
"2016_Parr,Delia_TheMidwifesDilemma_ROM.txt",Fiction,English,,ROM,2016,Parr,Delia,The Midwife's Dilemma,,Bethany House Publishers,,,F,
"2016_Roberts,Nora_TheObsession_ROM.txt",Fiction,English,,ROM,2016,Roberts,Nora,The Obsession,,Penguin / Berkley,,,F,
"2016_Paul,Gill_TheSecretWife_ROM.txt",Fiction,English,,ROM,2016,Paul,Gill,The Secret Wife,,Harper Collins,,,F,
"2016_Mass,Sharon_TheSugarPlantersDaughter_ROM.txt",Fiction,English,,ROM,2016,Maas,Sharon,The Sugar Planter's Daughter,,Bookouture,,,F,
"2016_Rimmer,Kelly_WhenILostYou_ROM.txt",Fiction,English,,ROM,2016,Rimmer,Kelly,When I Lost You,,Bookouture,,,F,
"2016_Durano,Liz_EverythingSheEverWanted_ROM.txt",Fiction,English,,ROM,2016,Durano,Liz,Everything She Ever Wanted,,Velvet Madrid,,,F,
"2016_Sherwood,Kate_LongShadows_ROM.txt",Fiction,English,,ROM,2016,Sherwood,Kate,Long Shadows,,Riptide Publishing,,,F,
"2016_LeVeque,Kathryn_LordofWinter_ROM.txt",Fiction,English,,ROM,2016,Le Veque,Kathryn,Lord of Winter,,Dragonblade Publishing,,,F,
"2015_Cole,Courtney_VERUM_ROM.txt",Fiction ,English,,ROM_YA,2015,Cole,Courtney,VERUM,,,,,F,US
"2015_McLean,Jay_WhereTheRoadTakesMe_ROM.txt",Fiction ,English,,ROM_YA,2015,McLean,Jay,WhereTheRoadTakesMe,,,,,F,Australia
"2015_Mead,Richelle_TheRubyCircle_ROM.txt",Fiction ,English,,ROM_YA,2015,Mead,Richelle,TheRubyCircle,,,,,F,US
"2013_Beukes,Lauren_TheShiningGirls_MY.txt",Fiction ,English ,,SF,2013,Beukes,Lauren,TheShiningGirls,,,,,F,South Africa
"2016_McElwain,Julie_AMurderinTime_SF.txt",Fiction,English,,SF,2016,McElwain,Julie,A Murder in Time,,Pegasus Books,,,F,
"2016_Anders,CharlieJane_AlltheBirdsintheSky_SF.txt",Fiction,English,,SF,2016,Anders,Charlie Jane,All the Birds in the Sky,,Tor Books,,,F,
"2016_Singh,Nalini_AllegianceofHonor_SF.txt",Fiction,English,,SF,2016,Singh,Nalini,Allegiance of Honor,,Berkley,,,F,
2016_Starhawk_CityofRefuge_SF.txt,Fiction,English,,SF,2016,,Starhawk,City of Refuge,,Califia,,,F,
"2016_Thompson,Eric_LikeStarsinHeaven_SF.txt",Fiction,English,,SF,2016,Thompson,Eric,Like Stars in Heaven,,Sanddiver Books,,,F,
"2016_Brown,Pierce_MorningStar_SF.txt",Fiction,English,,SF,2016,Brown,Pierce,Morning Star,,Del Rey,,,F,
"2016_Neuvel,Sylvain_SleepingGiants_SF.txt",Fiction,English,,SF,2016,Neuvel,Sylvain,Sleeping Giants,,Del Rey,,,F,
"2016_Zaires,Anna_TheKrinarCaptive_SF.txt",Fiction,English,,SF,2016,Zaires,Anna,The Krinar Captive,,Mozaika Publications,,,F,
"2016_Oliva,Alexandra_TheLastOne_SF.txt",Fiction,English,,SF,2016,Oliva,Alexandra,The Last One,,Ballantine Books,,,F,
"2016_Jemisin,NK_TheObeliskGate_SF.txt",Fiction,English,,SF,2016,Jemisin,N. K.,The Obelisk Gate,,Orbit,,,F,
"2016_Stewart,Glynn_AlienArcana_SF.txt",Fiction,English,,SF,2016,Stewart,Glynn,Alien Arcana,,Faolan's Pen Publishing Inc,,,F,
"2016_Bedford,Kelly_ALightintheDark_SF.txt",Fiction,English,,SF,2016,Bedford,Kellly,A Light in the Dark,,Bedford Publishing,,,F,
"2010_Atwood,Margaret_TheYearoftheFlood_SF.txt",Fiction ,English ,,SF ,2010,Atwood,Margaret,TheYearoftheFlood,,,,,F,Canada
"2010_Bujold,LoisMcMaster_Cryoburn_SF.txt",Fiction ,English ,,SF ,2010,Bujold,LoisMcMaster,Cryoburn,,,,,F,US 
"2010_Frey,JM_Triptych_SF.txt",Fiction ,English ,,SF ,2010,Frey,JM,Triptych,,,,,F,Canada
"2010_Grant,Mira_Feed_SF.txt",Fiction ,English ,,SF ,2010,Grant,Mira,Feed,,,,,F,US 
"2010_Nunez,Sigrid_SalvationCity_SF.txt",Fiction ,English ,,SF ,2010,Nunez,Sigrid,SalvationCity,,,,,F,US 
"2010_Willis,Connie_AllClear_SF.txt",Fiction ,English ,,SF ,2010,Willis,Connie,AllClear,,,,,F,US 
"2010_Willis,Connie_Blackout_SF.txt",Fiction ,English ,,SF ,2010,Willis,Connie,Blackout,,,,,F,US 
"2011_Bear,Elizabeth_Grail_SF.txt",Fiction ,English ,,SF ,2011,Bear,Elizabeth,Grail,,,,,F,US 
"2011_Frater,Rhiannon_FightingtoSurvive_SF.txt",Fiction ,English ,,SF ,2011,Frater,Rhiannon,FightingtoSurvive,,,,,F,US 
"2011_Johnson,Jean_ASoldiersDuty_SF.txt",Fiction ,English ,,SF ,2011,Johnson,Jean,ASoldiersDuty,,,,,F,US 
"2011_Jordan,Hillary_WhenSheWoke_SF.txt",Fiction ,English ,,SF ,2011,Jordan,Hillary,WhenSheWoke,,,,,F,US 
"2011_North,Anna_AmericaPacifica_SF.txt",Fiction ,English ,,SF ,2011,North,Anna,AmericaPacifica,,,,,F,US 
"2011_Sandler,Karen_Tankborn_SF.txt",Fiction ,English ,,SF ,2011,Sandler,Karen,Tankborn,,,,,F,US 
"2011_Slonczewski,Joan_TheHighestFrontier_SF.txt",Fiction ,English ,,SF ,2011,Slonczewski,Joan,TheHighestFrontier,,,,,F,US 
"2012_Ashby,Madeline_vN_SF.txt",Fiction ,English ,,SF ,2012,Ashby,Madeline,vN,,,,,F,US/Canada
"2012_Bujold,LoisMcMaster_CaptainVorpatrilsAlliance_SF.txt",Fiction ,English ,,SF ,2012,Bujold,LoisMcMaster,CaptainVorpatrilsAlliance,,,,,F,US 
"2012_Cherryh,CJ_Intruder_SF.txt",Fiction ,English ,,SF ,2012,Cherryh,CJ,Intruder,,,,,F,US 
"2012_Frankel,Laurie_GoodbyeforNow_SF.txt",Fiction ,English ,,SF ,2012,Frankel,Laurie,GoodbyeforNow,,,,,F,US 
"2012_Hurley,Kameron_Rapture_SF.txt",Fiction ,English ,,SF ,2012,Hurley,Kameron,Rapture,,,,,F,US 
"2012_Kress,Nancy_AftertheFall_SF.txt",Fiction ,English ,,SF ,2012,Kress,Nancy,AftertheFall,,,,,F,US 
"2012_Robinson,KimStanley_2312_SF.txt",Fiction ,English ,,SF ,2012,Robinson,KimStanley,2312,,,,,F,US 
"2013_Aguirre,AA_BronzeGods_SF.txt",Fiction ,English ,,SF ,2013,Aguirre,AA,BronzeGods,,,,,F,US 
"2013_Ashby,Madeline_iD_SF.txt",Fiction ,English ,,SF ,2013,Ashby,Madeline,iD,,,,,F,US/Canada
"2013_Karsak,Melanie_ChasingtheStarGarden_SF.txt",Fiction ,English ,,SF ,2013,Karsak,Melanie,ChasingtheStarGarden,,,,,F,US 
"2013_Leckie,Ann_AncillaryJustice_SF.txt",Fiction ,English ,,SF ,2013,Leckie,Ann,AncillaryJustice,,,,,F,US 
"2013_Lord,Karen_TheBestofAllPossibleWorlds_SF.txt",Fiction ,English ,,SF ,2013,Lord,Karen,TheBestofAllPossibleWorlds,,,,,F,Barbados
"2013_Robinson,KimStanley_Shaman_SF.txt",Fiction ,English ,,SF ,2013,Robinson,KimStanley,Shaman,,,,,F,US 
"2013_Schwab,VE_Vicious_SF.txt",Fiction ,English ,,SF ,2013,Schwab,VE,Vicious,,,,,F,US 
"2013_Yanagihara,Hanya_ThePeopleintheTrees_SF.txt",Fiction ,English ,,SF ,2013,Yanagihara,Hanya,ThePeopleintheTrees,,,,,F,US 
"2014_Aguirre,AA_SilverMirrors_SF.txt",Fiction ,English ,,SF ,2014,Aguirre,AA,SilverMirrors,,,,,F,US 
"2014_Johnson,Jean_Hardship_SF.txt",Fiction ,English ,,SF ,2014,Johnson,Jean,Hardship,,,,,F,US 
"2014_Karsak,Melanie_ChasingtheGreenFairy_SF.txt",Fiction ,English ,,SF ,2014,Karsak,Melanie,ChasingtheGreenFairy,,,,,F,US 
"2014_Leckie,Ann_AncillarySword_SF.txt",Fiction ,English ,,SF ,2014,Leckie,Ann,AncillarySword,,,,,F,US 
"2014_Mead,Richelle_GameboardoftheGods_SF.txt",Fiction ,English ,,SF ,2014,Mead,Richelle,GameboardoftheGods,,,,,F,US 
"2014_Monk,Devon_HouseImmortal_SF.txt",Fiction ,English ,,SF ,2014,Monk,Devon,HouseImmortal,,,,,F,US 
"2014_North,Claire_TheFirstFifteenLives_SF.txt",Fiction ,English ,,SF ,2014,North,Claire,TheFirstFifteenLives,,,,,F,UK
"2014_Wells,JenniferFoehner_Fluency_SF.txt",Fiction ,English ,,SF ,2014,Wells,JenniferFoehner,Fluency,,,,,F,US 
"2015_Cherryh,CJ_Tracker_SF.txt",Fiction ,English ,,SF ,2015,Cherryh,CJ,Tracker,,,,,F,US 
"2015_Goodwin,Emily_Contagious_SF.txt",Fiction ,English ,,SF ,2015,Goodwin,Emily,Contagious,,,,,F,US 
"2015_Logan,Kirsty_TheGracekeepers_SF.txt",Fiction ,English ,,SF ,2015,Logan,Kirsty,TheGracekeepers,,,,,F,UK
"2015_Lord,Karen_TheGalaxyGame_SF.txt",Fiction ,English ,,SF ,2015,Lord,Karen,TheGalaxyGame,,,,,F,Barbados
"2015_Womack,Gwendolyn_TheMemoryPainter_SF.txt",Fiction ,English ,,SF ,2015,Womack,Gwendolyn,TheMemoryPainter,,,,,F,US 
"2016_McGee,Katharine_TheThousandthFloor_SF.txt",Fiction,English,,SF_ROM,2016,McGee,Katharine,The Thousandth Floor,,HarperCollins,,,F,
"2010_Pfeffer,SusanBeth_ThisWorldWeLiveIn_SF.txt",Fiction ,English ,,SF_YA,2010,Pfeffer,SusanBeth,ThisWorldWeLiveIn,,,,,F,US 
"2010_Snyder,MariaV_InsideOut_SF.txt",Fiction ,English ,,SF_YA,2010,Snyder,MariaV,InsideOut,,,,,F,US 
"2010_Walton,Jo_AmongOthers_SF.txt",Fiction ,English ,,SF_YA,2010,Walton,Jo,AmongOthers,,,,,F,UK/Canada
"2011_Bick,IlsaJ_Ashes_SF.txt",Fiction ,English ,,SF_YA,2011,Bick,IlsaJ,Ashes,,,,,F,US 
"2011_Lu,Marie_Legend_SF.txt",Fiction ,English ,,SF_YA,2011,Lu,Marie,Legend,,,,,F,US/China
"2011_Revis,Beth_AcrosstheUniverse_SF.txt",Fiction ,English ,,SF_YA,2011,Revis,Beth,AcrosstheUniverse,,,,,F,US 
"2012_Fagan,Jenni_ThePanopticon_SF.txt",Fiction ,English ,,SF_YA,2012,Fagan,Jenni,ThePanopticon,,,,,F,UK
"2012_Mead,Richelle_TheImmortalCrown_SF.txt",Fiction ,English ,,SF_YA,2012,Mead,Richelle,TheImmortalCrown,,,,,F,US 
"2012_Walker,KarenThompson_TheAgeofMiracles_SF.txt",Fiction ,English ,,SF_YA,2012,Walker,KarenThompson,TheAgeofMiracles,,,,,F,US 
"2013_Bick,IlsaJ_Monsters_SF.txt",Fiction ,English ,,SF_YA,2013,Bick,IlsaJ,Monsters,,,,,F,US 
"2013_Kaufman,Amie_TheseBrokenStars_SF.txt",Fiction ,English ,,SF_YA,2013,Kaufman,Amie,TheseBrokenStars,,,,,F,US 
"2013_Kincaid,SJ_Vortex_SF.txt",Fiction ,English ,,SF_YA,2013,Kincaid,SJ,Vortex,,,,,F,US 
"2014_Gray,Claudia_AThousandPiecesofYou_SF.txt",Fiction ,English ,,SF_YA,2014,Gray,Claudia,AThousandPiecesofYou,,,,,F,US 
"2014_Itaranta,Emmi_MemoryofWater_SF.txt",Fiction ,English ,,SF_YA,2014,Itaranta,Emmi,MemoryofWater,,,,,F,Finland
"2015_Dawson,DelilahS_Hit_SF.txt",Fiction ,English ,,SF_YA,2015,Dawson,DelilahS,Hit,,,,,F,US 
"2015_Ee,Susan_EndofDays_SF.txt",Fiction ,English ,,SF_YA,2015,Ee,Susan,EndofDays,,,,,F,US 
"2015_Headley,MariaDahvana_Magonia_SF.txt",Fiction ,English ,,SF_YA,2015,Headley,MariaDahvana,Magonia,,,,,F,US 
"2015_Matson,Lynne_NilUnlocked_SF.txt",Fiction ,English ,,SF_YA,2015,Matson,Lynne,NilUnlocked,,,,,F,US 
"2014_Rowell,Rainbow_Landline_SF.txt",Fiction ,English ,,YA,2014,Rowell,Rainbow,Landline,,,,,F,US 
"2011_Mann,CharlesC_1493UncoveringtheNewWorld_HIST.txt",Nonfiction,English ,,HIST,2011,Mann,CharlesC,1493UncoveringtheNewWorld,,,,,M,US
"2003_Landay,William_MissionFlats_MY.txt",Fiction ,English,,MY,2003,Landay,William,MissionFlats,,,,,M,US
"2005_Johnson,Craig_TheColdDish_MY.txt",Fiction ,English,,MY,2005,Johnson,Craig,TheColdDish,,,,,M,US
"2010_Burke,JamesLee_TheGlassRainbow_MY.txt",Fiction ,English,,MY,2010,Burke,JamesLee,TheGlassRainbow,,,,,M,US
"2010_Connolly,John_TheWhisperers_MY.txt",Fiction ,English,,MY,2010,Connolly,John,TheWhisperers,,,,,M,Ireland
"2010_Dugoni,Robert_BodilyHarm_MY.txt",Fiction ,English,,MY,2010,Dugoni,Robert,BodilyHarm,,,,,M,US
"2010_Robotham,Michael_BleedForMe_MY.txt",Fiction ,English ,,MY,2010,Robotham,Michael,BleedForMe,,,,,M,Australia
"2011_Aaronovitch,Ben_MidnightRiot_MY.txt",Fiction ,English ,,MY,2011,Aaronovitch,Ben,MidnightRiot,,,,,M,UK
"2011_Vicary,Tim_BoldCounsel_MY.txt",Fiction ,English ,,MY,2011,Vicary,Tim,BoldCounsel,,,,,M,UK
"2012_Barclay,Linwood_TrustYourEyes_MY.txt",Fiction ,English ,,MY,2012,Barclay,Linwood,TrustYourEyes,,,,,M,US/Canada
"2012_Burke,JamesLee_CreoleBelle_MY.txt",Fiction ,English ,,MY,2012,Burke,JamesLee,CreoleBelle,,,,,M,US
"2012_Crais,Robert_Taken_MY.txt",Fiction ,English ,,MY,2012,Crais,Robert,Taken,,,,,M,US
"2012_Fforde,Jasper_TheWomanWhoDiedaLot_MY.txt",Fiction ,English ,,MY,2012,Fforde,Jasper,TheWomanWhoDiedaLot,,,,,M,UK
"2012_Hobbs,Roger_Ghostman_MY.txt",Fiction ,English ,,MY,2012,Hobbs,Roger,Ghostman,,,,,M,US
"2012_Kellerman,Jonathan_Victims_MY.txt",Fiction ,English ,,MY,2012,Kellerman,Jonathan,Victims,,,,,M,US
"2012_Rankin,Ian_StandinginAnotherMansGrave_MY.txt",Fiction ,English ,,MY,2012,Rankin,Ian,StandinginAnotherMansGrave,,,,,M,Scotland
"2012_Robotham,Michael_SayYoureSorry_MY.txt",Fiction ,English ,,MY,2012,Robotham,Michael,SayYoureSorry,,,,,M,Australia
"2012_Ronald,RD_TheZombieRoom_MY.txt",Fiction ,English ,,MY,2012,Ronald,RD,TheZombieRoom,,,,,M,UK
"2012_Runcie,James_SidneyChambersandTheShadow_MY.txt",Fiction ,English ,,MY,2012,Runcie,James,SidneyChambersandTheShadow,,,,,M,UK
"2012_Sloan,Robin_MrPenumbras24Hour_MY.txt",Fiction ,English ,,MY,2012,Sloan,Robin,MrPenumbras24Hour,,,,,M,US
"2013_Connelly,Michael_TheGodsofGuilt_MY.txt",Fiction ,English ,,MY,2013,Connelly,Michael,TheGodsofGuilt,,,,,M,US
"2013_Crais,Robert_Suspect_MY.txt",Fiction ,English ,,MY,2013,Crais,Robert,Suspect,,,,,M,US
"2013_Crouch,Blake_Wayward_MY.txt",Fiction ,English ,,MY,2013,Crouch,Blake,Wayward,,,,,M,US
"2013_Rankin,Ian_SaintsoftheShadowBible_MY.txt",Fiction ,English ,,MY,2013,Rankin,Ian,SaintsoftheShadowBible,,,,,M,Scotland
"2013_Smith,AlexanderMccall_TheMinorAdjustmentBeauty_MY.txt",Fiction ,English ,,MY,2013,Smith,AlexanderMccall,TheMinorAdjustmentBeauty,,,,,M,Zimbabwe/UK
"2013_Tyson,Wendy_KillerImage_MY.txt",Fiction ,English ,,MY,2013,Tyson,Wendy,KillerImage,,,,,M,US
"2013_Winspear,Jacqueline_LeavingEverythingMostLoved_MY.txt",Fiction ,English ,,MY,2013,Winspear,Jacqueline,LeavingEverythingMostLoved,,,,,M,UK
"2013_Zander,Joakim_TheSwimmer_MY.txt",Fiction ,English ,,MY,2013,Zander,Joakim,TheSwimmer,Swedish,,,,M,Sweden
"2013_Ziskin,JamesW_Styx&Stones_MY.txt",Fiction ,English ,,MY,2013,Ziskin,JamesW,Styx&Stones,,,,,M,US
"2014_Abani,Chris_TheSecretHistoryofLasVegas_MY.txt",Fiction ,English ,,MY,2014,Abani,Chris,TheSecretHistoryofLasVegas,,,,,M,Nigeria/US
"2014_AdlerOlsen,Jussi_TheMarcoEffect_MY.txt",Fiction ,English ,,MY,2014,AdlerOlsen,Jussi,TheMarcoEffect,Danish,,,,M,Denmark
"2014_Atkins,Ace_RobertBParkersCheapShot_MY.txt",Fiction ,English ,,MY,2014,Atkins,Ace,RobertBParkersCheapShot,,,,,M,US
"2014_Barclay,Linwood_NoSafeHouse_MY.txt",Fiction ,English ,,MY,2014,Barclay,Linwood,NoSafeHouse,,,,,M,US/Canada
"2014_Bouman,Tom_DryBonesintheValley_MY.txt",Fiction ,English ,,MY,2014,Bouman,Tom,DryBonesintheValley,,,,,M,US
"2014_Box,CJ_StoneCold_MY.txt",Fiction ,English ,,MY,2014,Box,CJ,StoneCold,,,,,M,US
"2014_Bradley,Alan_TheDeadinTheirVaulted_MY.txt",Fiction ,English ,,MY,2014,Bradley,Alan,TheDeadinTheirVaulted,,,,,M,Canada
"2014_Cash,Wiley_ThisDarkRoadtoMercy_MY.txt",Fiction ,English ,,MY,2014,Cash,Wiley,ThisDarkRoadtoMercy,,,,,M,US
"2014_Connelly,Michael_TheBurningRoom_MY.txt",Fiction ,English ,,MY,2014,Connelly,Michael,TheBurningRoom,,,,,M,US
"2014_Connolly,John_TheWolfinWinter_MY.txt",Fiction ,English ,,MY,2014,Connolly,John,TheWolfinWinter,,,,,M,Ireland
"2014_Deaver,Jeffery_TheBoneCollector_MY.txt",Fiction ,English ,,MY,2014,Deaver,Jeffery,TheBoneCollector,,,,,M,US
"2014_Dugoni,Robert_MySistersGrave_MY.txt",Fiction ,English ,,MY,2014,Dugoni,Robert,MySistersGrave,,,,,M,US
"2014_Eskens,Allen_TheLifeWeBury_MY.txt",Fiction ,English ,,MY,2014,Eskens,Allen,TheLifeWeBury,,,,,M,US
"2014_Hendrix,Grady_Horrorstor_MY.txt",Fiction ,English ,,MY,2014,Hendrix,Grady,Horrorstor,,,,,M,US
"2014_Lashner,William_Bagmen_MY.txt",Fiction ,English ,,MY,2014,Lashner,William,Bagmen,,,,,M,US
"2014_Lashner,William_TheBarkeep_MY.txt",Fiction ,English ,,MY,2014,Lashner,William,TheBarkeep,,,,,M,US
"2014_McKenzie,CB_BadCountry_MY.txt",Fiction ,English ,,MY,2014,McKenzie,CB,BadCountry,,,,,M,US
"2014_Murphy,Hunter_ImogeneinNewOrleans_MY.txt",Fiction ,English ,,MY,2014,Murphy,Hunter,ImogeneinNewOrleans,,,,,M,US
"2014_Nesbo,Jo_TheSon_MY.txt",Fiction ,English ,,MY,2014,Nesbo,Jo,TheSon,Norwegian,,,,M,Norway
"2014_Neville,Stuart_TheFinalSilence_MY.txt",Fiction ,English ,,MY,2014,Neville,Stuart,TheFinalSilence,,,,,M,Northern Ireland
"2014_Papernick,Jonathan_TheBookofStone_MY.txt",Fiction ,English ,,MY,2014,Papernick,Jonathan,TheBookofStone,,,,,M,Canada/US
"2014_Pryor,Mark_TheBloodPromise_MY.txt",Fiction ,English ,,MY,2014,Pryor,Mark,TheBloodPromise,,,,,M,UK
"2014_Pryor,Mark_TheButtonMan_MY.txt",Fiction ,English ,,MY,2014,Pryor,Mark,TheButtonMan,,,,,M,UK
"2014_Rickstad,Eric_TheSilentGirls_MY.txt",Fiction ,English ,,MY,2014,Rickstad,Eric,TheSilentGirls,,,,,M,US
"2014_Shafer,David_WhiskeyTangoFoxtrot_MY.txt",Fiction ,English ,,MY,2014,Shafer,David,WhiskeyTangoFoxtrot,,,,,M,US
"2014_Smith,AlexanderMccall_TheHandsomeMansDeLuxe_MY.txt",Fiction ,English ,,MY,2014,Smith,AlexanderMccall,TheHandsomeMansDeLuxe,,,,,M,UK
"2014_Smith,TomRob_TheFarm_MY.txt",Fiction ,English ,,MY,2014,Smith,TomRob,TheFarm,,,,,M,UK
"2014_Stelmach,Orest_TheBoyWhoGlowedintheDark_MY.txt",Fiction ,English ,,MY,2014,Stelmach,Orest,TheBoyWhoGlowedintheDark,,,,,M,US
"2015_Aaronovitch,Ben_FoxgloveSummer_MY.txt",Fiction ,English ,,MY,2015,Aaronovitch,Ben,FoxgloveSummer,,,,,M,UK
"2015_Atkins,Ace_RobertBParkersKickback_MY.txt",Fiction ,English ,,MY,2015,Atkins,Ace,RobertBParkersKickback,,,,,M,US
"2015_Berry,Steve_ThePatriotThreat_MY.txt",Fiction ,English ,,MY,2015,Berry,Steve,ThePatriotThreat,,,,,M,US
"2015_Box,CJ_Endangered_MY.txt",Fiction ,English ,,MY,2015,Box,CJ,Endangered,,,,,M,US
"2015_Bradley,Alan_AsChimneySweepersCometoDust_MY.txt",Fiction ,English ,,MY,2015,Bradley,Alan,AsChimneySweepersCometoDust,,,,,M,Canada
"2015_Child,Lincoln_TheForgottenRoom_MY.txt",Fiction ,English ,,MY,2015,Child,Lincoln,TheForgottenRoom,,,,,M,US
"2015_Coben,Harlan_TheStranger_MY.txt",Fiction ,English ,,MY,2015,Coben,Harlan,TheStranger,,,,,M,US
"2015_Cotterill,Colin_SixandaHalfDeadlySins_MY.txt",Fiction ,English ,,MY,2015,Cotterill,Colin,SixandaHalfDeadlySins,,,,,M,UK
"2015_Deaver,Jeffery_SolitudeCreek_MY.txt",Fiction ,English ,,MY,2015,Deaver,Jeffery,SolitudeCreek,,,,,M,US
"2015_Green,Simon_TheDarkSideoftheRoad_MY.txt",Fiction ,English ,,MY,2015,Green,Simon,TheDarkSideoftheRoad,,,,,M,UK
"2015_Hunter,Stephen_IRipper_MY.txt",Fiction ,English ,,MY,2015,Hunter,Stephen,IRipper,,,,,M,US
"2015_Iles,Greg_TheBoneTree_MY.txt",Fiction ,English ,,MY,2015,Iles,Greg,TheBoneTree,,,,,M,US
"2015_Johnson,Craig_DryBones_MY.txt",Fiction ,English ,,MY,2015,Johnson,Craig,DryBones,,,,,M,US
"2015_Johnston,Tim_Descent_MY.txt",Fiction ,English ,,MY,2015,Johnston,Tim,Descent,,,,,M,US
"2015_Kellerman,Jonathan_Motive_MY.txt",Fiction ,English ,,MY,2015,Kellerman,Jonathan,Motive,,,,,M,US
"2015_King,Stephen_FindersKeepers_MY.txt",Fiction ,English ,,MY,2015,King,Stephen,FindersKeepers,,,,,M,US
"2015_Lanyon,Josh_WinterKill_MY.txt",Fiction ,English ,,MY,2015,Lanyon,Josh,WinterKill,,,,,M,UK
"2015_Matthews,Jason_PalaceofTreason_MY.txt",Fiction ,English ,,MY,2015,Matthews,Jason,PalaceofTreason,,,,,M,US
"2015_Mosley,Walter_AndSometimesIWonder_MY.txt",Fiction ,English ,,MY,2015,Mosley,Walter,AndSometimesIWonder,,,,,M,US
"2015_Palmer,Daniel_Desperate_MY.txt",Fiction ,English ,,MY,2015,Palmer,Daniel,Desperate,,,,,M,US
"2015_Patterson,James_14thDeadlySin_MY.txt",Fiction ,English ,,MY,2015,Patterson,James,14thDeadlySin,,,,,M,US
"2015_Patterson,James_Unlucky13_MY.txt",Fiction ,English ,,MY,2015,Patterson,James,Unlucky13,,,,,M,US
"2015_Pearl,Matthew_TheLastBookaneer_MY.txt",Fiction ,English ,,MY,2015,Pearl,Matthew,TheLastBookaneer,,,,,M,US
"2015_Sandford,John_GatheringPrey_MY.txt",Fiction ,English ,,MY,2015,Sandford,John,GatheringPrey,,,,,M,US
"2015_Stelmach,Orest_TheAlterGirl_MY.txt",Fiction ,English ,,MY,2015,Stelmach,Orest,TheAlterGirl,,,,,M,US
"2015_Swanson,Peter_TheKindWorthKilling_MY.txt",Fiction ,English ,,MY,2015,Swanson,Peter,TheKindWorthKilling,,,,,M,US
"2015_Thomas,Rob_VeronicaMars_MY.txt",Fiction ,English ,,MY,2015,Thomas,Rob,VeronicaMars,,,,,M,US
"2015_Tremayne,SK_TheIceTwins_MY.txt",Fiction ,English ,,MY,2015,Tremayne,SK,TheIceTwins,,,,,M,UK
"2016_Berry,Steve_The14thColony_MY.txt",Fiction,English,,MY,2016,Berry,Steve,The 14th Colony,,,,,M,
"2016_Castle,Jack_WhiteDeath_MY.txt",Fiction,English,,MY,2016,Castle,Jack,White Death,,,,,M,
"2016_Deaver,Jeffery_TheSteelKiss_MY.txt",Fiction,English,,MY,2016,Deaver,Jeffery,The Steel Kiss,,,,,M,
"2016_Dugoni,Robert_IntheClearing_MY.txt",Fiction,English,,MY,2016,Dugoni,Robert,In the Clearing,,,,,M,
"2016_Dunnett,Gregg_TheWaveatHangingRock_MY.txt",Fiction,English,,MY,2016,Dunnett,Gregg,The Wave at Hanging Rock,,,,,M,
"2016_Greaney,Mark_TomClancyTrueFaithandAllegiance_MY.txt",Fiction,English,,MY,2016,Greaney,Mark,Tom Clancy True Faith and Allegaince,,,,,M,
"2016_Marsden,Monty_Missing_MY.txt",Fiction,English,,MY,2016,Marsden,Monty,Missing,,,,,M,
"2016_Nance,John_FinalApproach_MY.txt",Fiction,English,,MY,2016,Nance,John,Final Approach,,,,,M,
"2016_Olsen,Gregg_TheSoundofRain_MY.txt",Fiction,English,,MY,2016,Olsen,Gregg,The Sound of Rain,,,,,M,
"2016_Patterson,James_15thAffair_MY.txt",Fiction,English,,MY,2016,Patterson,James,15th Affair,,,,,M,
"2016_Patterson,James_Bullseye_MY.txt",Fiction,English,,MY,2016,Patterson,James,Bullseye,,,,,M,
"2016_Pembrery,Daniel_TheHarbourMaster_MY.txt",Fiction,English,,MY,2016,Pembrey,Daniel,The Harbour Master,,,,,M,
"2016_Pierce,Blake_ATraceofDeath_MY.txt",Fiction,English,,MY,2016,Pierce,Blake,A Trace of Death,,,,,M,
"2016_Pierce,Blake_CausetoRun_MY.txt",Fiction,English,,MY,2016,Pierce,Blake,Cause to Run,,,,,M,
"2016_Rankin,Ian_RatherBeTheDevil_MY.txt",Fiction,English,,MY,2016,Rankin,Ian,Rather Be the Devil,,,,,M,
"2016_Raven,James_TheDepraved_MY.txt",Fiction,English,,MY,2016,Raven,James,The Depraved,,,,,M,
"2016_Rollins,James_TheSeventhPlague_MY.txt",Fiction,English,,MY,2016,Rollins,James,The Seventh Plague,,,,,M,
"2016_RussellFearn,John_TheFiveMatchboxes_MY.txt",Fiction,English,,MY,2016,Russell Fearn,John,The Five Matchboxes,,,,,M,
"2016_Smitherd,Luke_KillSomeone_MY.txt",Fiction,English,,MY,2016,Smitherd,Luke,Kill Someone,,,,,M,
"2016_Sveen,Gard_TheLastPilgrim_MY.txt",Fiction,English,,MY,2016,Sveen,Gard,The Last Pilgrim,,,,,M,
"2016_Thacker,Nick_TheIceChasm_MY.txt",Fiction,English,,MY,2016,Thacker,Nick,The Ice Chasm,,,,,M,
"2016_Thor,Brad_ForeignAgent_MY.txt",Fiction,English,,MY,2016,Thor,Brad,Foreign Agent,,,,,M,
"2016_Walsh,Dan_RememberingDresden_MY.txt",Fiction,English,,MY,2016,Walsh,Dan,Remembering Dresden,,,,,M,
"2016_Hart,Joe_TheLastGirl_MY.txt",Fiction,English,,MY_SF,2016,Hart,Joe,The Last Girl,,,,,M,
"2013_Krueger,WilliamKent_OrdinaryGrace_MY.txt",Fiction ,English ,,MY_YA,2013,Krueger,WilliamKent,OrdinaryGrace,,,,,M,US
"2015_Walsh,MO_MySunshineAway_MY.txt",Fiction ,English ,,MY_YA,2015,Walsh,MO,MySunshineAway,,,,,M,US
"2013_Simsion,Graeme_TheRosieProject_ROM.txt",Fiction ,English,,ROM,2013,Simsion,Graeme,TheRosieProject,,,,,M,Australia
"2015_Harper,ES_UnexpectedFate_ROM.txt",Fiction ,English,,ROM,2015,Harper,ES,UnexpectedFate,,,,,M,US
"2014_Sternbergh,Adam_ShovelReady_MY.txt",Fiction ,English ,,SF,2014,Sternbergh,Adam,ShovelReady,,,,,M,Canada/US
"2016_Hamilton,PeterF_ANightWithoutStars_SF.txt",Fiction,English,,SF,2016,Hamilton,Peter F.,A Night Without Stars,,Del Rey,,,M,
"2016_Houghton,Jude_Autonomy_SF.txt",Fiction,English,,SF,2016,Houghton,Jude,Autonomy,,"Kristell Ink, Grimbold Books",,,M,
"2016_Sanderson,Brandon_Calamity_SF.txt",Fiction,English,,SF,2016,Sanderson,Brandon,Calamity,,Delacorte Press,,,M,
"2016_DeLonge,Tom_ChasingShadows_SF.txt",Fiction,English,,SF,2016,"DeLonge, Hartley","Tom, AJ",Chasing Shadows,,To The Stars__,,,M,
"2016_Lee,YoonHa_NinefoxGambit_SF.txt",Fiction,English,,SF,2016,Lee,Yoon Ha,Ninefox Gambit,,Solaris,,,M,
"2016_Vassanji,MG_Nostaligia_SF.txt",Fiction,English,,SF,2016,Vassanji,M. G,Nostalgia,,Doubleday,,,M,
"2016_Sterling,Bruce_PirateUtopia_SF.txt",Fiction,English,,SF,2016,Sterling,Bruce,Pirate Utopia,,Tachyon Publications,,,M,
"2016_Sawyer,RobertJ_QuantumNight_SF.txt",Fiction,English,,SF,2016,Sawyer,Robert J.,Quantum Night,,Viking,,,M,
"2016_Cronin,Justin_TheCityofMirrors_SF.txt",Fiction,English,,SF,2016,Cronin,Justin,The City of Mirrors,,Doubleday,,,M,
"2016_BAxter,Stephen_TheMedusaChronicles_SF.txt",Fiction,English,,SF,2016,"Baxter, Reynolds","Stephen, Alastair",The Medusa Chronicles,,Saga Press,,,M,
"2016_Sapkowski,Andrzej_TheTowerofSwallows_SF.txt",Fiction,English,,SF,2016,Sapkowski,Andrzej,The Tower of Swallows,,Orbit,,,M,
"2016_Tieryas,Peter_UnitedStatesofJapan_SF.txt",Fiction,English,,SF,2016,Tieryas,Peter,United States of Japan,,Angry Robot,,,M,
"2016_Weber,David_ShadowofVictory_SF.txt",Fiction,English,,SF,2016,Weber,David,Shadow of Victory,,Baen Books,,,M,
"2016_Healy,MarkR_DawnofProcyon_SF.txt",Fiction,English,,SF,2016,Healy,Mark R.,Dawn of Procyon,,Future House Publishing,,,M,
"2016_Fox,Richard_TheXarosReckoning_SF.txt",Fiction,English,,SF,2016,Fox,Richard,The Xaros Reckoning,,Triplane Press,,,M,
"2010_Barnes,John_Directive51_SF.txt",Fiction ,English ,,SF ,2010,Barnes,John,Directive51,,,,,M,US 
"2010_Bear,Greg_HullZeroThree_SF.txt",Fiction ,English ,,SF ,2010,Bear,Greg,HullZeroThree,,,,,M,US 
"2010_Cronin,Justin_ThePassage_SF.txt",Fiction ,English ,,SF ,2010,Cronin,Justin,ThePassage,,,,,M,US 
"2010_Gonzales,Laurence_Lucy_SF.txt",Fiction ,English ,,SF ,2010,Gonzales,Laurence,Lucy,,,,,M,US 
"2010_Haldeman,Joe_Starbound_SF.txt",Fiction ,English ,,SF ,2010,Haldeman,Joe,Starbound,,,,,M,US 
"2010_Maberry,Jonathan_RotandRuin_SF.txt",Fiction ,English ,,SF ,2010,Maberry,Jonathan,RotandRuin,,,,,M,US 
"2010_Rajaniemi,Hannu_TheQuantumThief_SF.txt",Fiction ,English ,,SF ,2010,Rajaniemi,Hannu,TheQuantumThief,,,,,M,Finland
"2010_Richards,DouglasE_Wired_SF.txt",Fiction ,English ,,SF ,2010,Richards,DouglasE,Wired,,,,,M,US 
"2010_Ringo,John_LiveFreeorDie_SF.txt",Fiction ,English ,,SF ,2010,Ringo,John,LiveFreeorDie,,,,,M,US 
"2010_Shteyngart,Gary_SuperSadTrueLoveStory_SF.txt",Fiction ,English ,,SF ,2010,Shteyngart,Gary,SuperSadTrueLoveStory,,,,,M,US/Russia
"2010_Tufo,Mark_ZombieFallout_SF.txt",Fiction ,English ,,SF ,2010,Tufo,Mark,ZombieFallout,,,,,M,US 
"2011_Brooks,Albert_2030_SF.txt",Fiction ,English ,,SF ,2011,Brooks,Albert,2030,,,,,M,US 
"2011_Corey,JamesSA_LeviathanWakes_SF.txt",Fiction ,English ,,SF ,2011,Corey,JamesSA,LeviathanWakes,,,,,M,US 
"2011_Forstchen,WilliamR_OneSecondAfter_SF.txt",Fiction ,English ,,SF ,2011,Forstchen,WilliamR,OneSecondAfter,,,,,M,US 
"2011_Herbert,Brian_Hellhole_SF.txt",Fiction ,English ,,SF ,2011,Herbert,Brian,Hellhole,,,,,M,US 
"2011_Hertling,William_AvogadroCorp_SF.txt",Fiction ,English ,,SF ,2011,Hertling,William,AvogadroCorp,,,,,M,US 
"2011_Huston,Charlie_Sleepless_SF.txt",Fiction ,English ,,SF ,2011,Huston,Charlie,Sleepless,,,,,M,US 
"2011_Mayer,AndrewP_HeartsofSmokeandStream_SF.txt",Fiction ,English ,,SF ,2011,Mayer,AndrewP,HeartsofSmokeandStream,,,,,M,US 
"2011_McDevitt,Jack_Firebird_SF.txt",Fiction ,English ,,SF ,2011,McDevitt,Jack,Firebird,,,,,M,US 
"2011_McIntosh,Will_SoftApocalypse_SF.txt",Fiction ,English ,,SF ,2011,McIntosh,Will,SoftApocalypse,,,,,M,US 
"2011_Nickle,David_Eutopia_SF.txt",Fiction ,English ,,SF ,2011,Nickle,David,Eutopia,,,,,M,Canada
"2011_Ringo,John_Citadel_SF.txt",Fiction ,English ,,SF ,2011,Ringo,John,Citadel,,,,,M,US 
"2011_Scalzi,John_FuzzyNation_SF.txt",Fiction ,English ,,SF ,2011,Scalzi,John,FuzzyNation,,,,,M,US 
"2011_Shean,Michael_ShadowofaDeadStar_SF.txt",Fiction ,English ,,SF ,2011,Shean,Michael,ShadowofaDeadStar,,,,,M,US 
"2011_Stephenson,Neal_Reamde_SF.txt",Fiction ,English ,,SF ,2011,Stephenson,Neal,Reamde,,,,,M,US 
"2011_Stross,Charles_Rule34_SF.txt",Fiction ,English ,,SF ,2011,Stross,Charles,Rule34,,,,,M,UK
"2011_Vinge,Vernor_ChildrenoftheSky_SF.txt",Fiction ,English ,,SF ,2011,Vinge,Vernor,ChildrenoftheSky,,,,,M,US 
"2011_Weir,Andy_TheMartian_SF.txt",Fiction ,English ,,SF ,2011,Weir,Andy,TheMartian,,,,,M,US 
"2011_Whitehead,Colson_ZoneOne_SF.txt",Fiction ,English ,,SF ,2011,Whitehead,Colson,ZoneOne,,,,,M,US 
"2011_Wilson,DanielH_Robopocalypse_SF.txt",Fiction ,English ,,SF ,2011,Wilson,DanielH,Robopocalypse,,,,,M,US 
"2012_Adams,David_Lacuna_SF.txt",Fiction ,English ,,SF ,2012,Adams,David,Lacuna,,,,,M,US 
"2012_Banks_Banks,IainM_SF.txt",Fiction ,English ,,SF ,2012,Banks,,"Banks,IainM",,,,,M,UK
"2012_Boudinot,Ryan_BlueprintsoftheAfterlife_SF.txt",Fiction ,English ,,SF ,2012,Boudinot,Ryan,BlueprintsoftheAfterlife,,,,,M,US 
"2012_Brin,David_Existence_SF.txt",Fiction ,English ,,SF ,2012,Brin,David,Existence,,,,,M,US 
"2012_Buckell,TobiasS_ArcticRising_SF.txt",Fiction ,English ,,SF ,2012,Buckell,TobiasS,ArcticRising,,,,,M,US/Grenada
"2012_Crouch,Blake_Pines_SF.txt",Fiction ,English ,,SF ,2012,Crouch,Blake,Pines,,,,,M,US 
"2012_Gould,Steven_Impulse_SF.txt",Fiction ,English ,,SF ,2012,Gould,Steven,Impulse,,,,,M,US 
"2012_Harkaway,Nick_Angelmaker_SF.txt",Fiction ,English ,,SF ,2012,Harkaway,Nick,Angelmaker,,,,,M,UK
"2012_Heller,Peter_TheDogStars_SF.txt",Fiction ,English ,,SF ,2012,Heller,Peter,TheDogStars,,,,,M,US 
"2012_Howey,Hugh_Wool_SF.txt",Fiction ,English ,,SF ,2012,Howey,Hugh,Wool,,,,,M,US 
"2012_Jones,PaulAntony_ExtinctionPoint_SF.txt",Fiction ,English ,,SF ,2012,Jones,PaulAntony,ExtinctionPoint,,,,,M,UK
"2012_Lerner,EdwardM_Energized_SF.txt",Fiction ,English ,,SF ,2012,Lerner,EdwardM,Energized,,,,,M,US 
"2012_Molles,DJ_TheRemaining_SF.txt",Fiction ,English ,,SF ,2012,Molles,DJ,TheRemaining,,,,,M,US 
"2012_Mullin,Mike_AshenWinter_SF.txt",Fiction ,English ,,SF ,2012,Mullin,Mike,AshenWinter,,,,,M,US 
"2012_Naam,Ramez_Nexus_SF.txt",Fiction ,English ,,SF ,2012,Naam,Ramez,Nexus,,,,,M,US/Egypt
"2012_Rajaniemi,Hannu_TheFractalPrince_Sf.txt",Fiction ,English ,,SF ,2012,Rajaniemi,Hannu,TheFractalPrince,,,,,M,Finland
"2012_Roberts,Adam_JackGlass_SF.txt",Fiction ,English ,,SF ,2012,Roberts,Adam,JackGlass,,,,,M,UK
"2012_Sawyer,RobertJ_Triggers_SF.txt",Fiction ,English ,,SF ,2012,Sawyer,RobertJ,Triggers,,,,,M,Canada
"2012_Shepherd,Mike_KrisLongknife_SF.txt",Fiction ,English ,,SF ,2012,Shepherd,Mike,KrisLongknife,,,,,M,US 
"2012_Slattery,BrianFrancis_LostEverything_SF.txt",Fiction ,English ,,SF ,2012,Slattery,BrianFrancis,LostEverything,,,,,M,US 
"2012_Smitherd,Luke_TheStoneMan_SF.txt",Fiction ,English ,,SF ,2012,Smitherd,Luke,TheStoneMan,,,,,M,UK
"2012_Suarez,Daniel_KillDecision_SF.txt",Fiction ,English ,,SF ,2012,Suarez,Daniel,KillDecision,,,,,M,US 
"2012_Varley,John_SlowApocalypse_SF.txt",Fiction ,English ,,SF ,2012,Varley,John,SlowApocalypse,,,,,M,US 
"2012_Weber,David_ARisingThunder_SF.txt",Fiction ,English ,,SF ,2012,Weber,David,ARisingThunder,,,,,M,US 
"2012_Williams,WalterJon_TheFourthWall_SF.txt",Fiction ,English ,,SF ,2012,Williams,WalterJon,TheFourthWall,,,,,M,US 
"2013_Asher,Neal_JupiterWar_SF.txt",Fiction ,English ,,SF ,2013,Asher,Neal,JupiterWar,,,,,M,UK
"2013_Asher,Neal_TheDeparture_SF.txt",Fiction ,English ,,SF ,2013,Asher,Neal,TheDeparture,,,,,M,UK
"2013_Barry,Max_Lexicon_SF.txt",Fiction ,English ,,SF ,2013,Barry,Max,Lexicon,,,,,M,Australia
"2013_Baxter,Stephen_Proxima_SF.txt",Fiction ,English ,,SF ,2013,Baxter,Stephen,Proxima,,,,,M,UK
"2013_Bova,Ben_NewEarth_SF.txt",Fiction ,English ,,SF ,2013,Bova,Ben,NewEarth,,,,,M,US 
"2013_Haig,Matt_TheHumans_SF.txt",Fiction ,English ,,SF ,2013,Haig,Matt,TheHumans,,,,,M,UK
"2013_Hertling,William_TheLastFirewall_SF.txt",Fiction ,English ,,SF ,2013,Hertling,William,TheLastFirewall,,,,,M,US 
"2013_Howey,Hugh_Dust_SF.txt",Fiction ,English ,,SF ,2013,Howey,Hugh,Dust,,,,,M,US 
"2013_Hudspeth,EB_TheResurrectionist_SF.txt",Fiction ,English ,,SF ,2013,Hudspeth,EB,TheResurrectionist,,,,,M,US 
"2013_Istvan,Zoltan_TheTranshumanistWager_SF.txt",Fiction ,English ,,SF ,2013,Istvan,Zoltan,TheTranshumanistWager,,,,,M,US 
"2013_Mather,Matthew_TheAtopiaChronicles_SF.txt",Fiction ,English ,,SF ,2013,Mather,Matthew,TheAtopiaChronicles,,,,,M,Canada
"2013_Mather,Matthew_TheDystopiaChronicles_SF.txt",Fiction ,English ,,SF ,2013,Mather,Matthew,TheDystopiaChronicles,,,,,M,Canada
"2013_McGinnis,MarkWayne_ScrapyardShip_SF.txt",Fiction ,English ,,SF ,2013,McGinnis,MarkWayne,ScrapyardShip,,,,,M,US 
"2013_McIntosh,Will_LoveMinusEighty_SF.txt",Fiction ,English ,,SF ,2013,McIntosh,Will,LoveMinusEighty,,,,,M,US 
"2013_Monk,Devon_ColdCopper_SF.txt",Fiction ,English ,,SF ,2013,Monk,Devon,ColdCopper,,,,,M,US 
"2013_Priest,Christopher_TheAdjacent_SF.txt",Fiction ,English ,,SF ,2013,Priest,Christopher,TheAdjacent,,,,,M,UK
"2013_Reynolds,Alastair_OntheSteelBreeze_SF.txt",Fiction ,English ,,SF ,2013,Reynolds,Alastair,OntheSteelBreeze,,,,,M,UK
"2013_Riddle,AG_TheAtlantisGene_SF.txt",Fiction ,English ,,SF ,2013,Riddle,AG,TheAtlantisGene,,,,,M,US 
"2013_Scott,JasperT_DarkSpace_SF.txt",Fiction ,English ,,SF ,2013,Scott,JasperT,DarkSpace,,,,,M,Canada
"2013_Stross,Charles_NeptunesBrood_SF.txt",Fiction ,English ,,SF ,2013,Stross,Charles,NeptunesBrood,,,,,M,UK
2013_TerryPratchett_StephenBaxter_TheLongEarth_SF.txt,Fiction ,English ,,SF ,2013,Pratchett,Terry,TheLongEarth,,,,,M,UK
"2013_Weber,David_ShadowofFreedom_SF.txt",Fiction ,English ,,SF ,2013,Weber,David,ShadowofFreedom,,,,,M,US 
"2013_Wehr,Dietmar_TheSynchronicityWarPart1_SF.txt",Fiction ,English ,,SF ,2013,Wehr,Dietmar,TheSynchronicityWarPart1,,,,,M,US 
"2013_Wilson,RobertCharles_BurningParadise_SF.txt",Fiction ,English ,,SF ,2013,Wilson,RobertCharles,BurningParadise,,,,,M,US/Canada
"2013_Winters,BenH_CountdownCity_SF.txt",Fiction ,English ,,SF ,2013,Winters,BenH,CountdownCity,,,,,M,US 
"2014_Cambias,JamesL_ADarklingSea_SF.txt",Fiction ,English ,,SF ,2014,Cambias,JamesL,ADarklingSea,,,,,M,US 
"2014_Carey,MR_TheGirlWithAlltheGifts_SF.txt",Fiction ,English ,,SF ,2014,Carey,MR,TheGirlWithAlltheGifts,,,,,M,UK
"2014_Gibson,William_ThePeripheral_SF.txt",Fiction ,English ,,SF ,2014,Gibson,William,ThePeripheral,,,,,M,US 
"2014_Gregory,Daryl_Afterparty_SF.txt",Fiction ,English ,,SF ,2014,Gregory,Daryl,Afterparty,,,,,M,US 
"2014_Heppner,Vaughn_StarViking_SF.txt",Fiction ,English ,,SF ,2014,Heppner,Vaughn,StarViking,,,,,M,Canada
"2014_Herbert,Brian_HellholeInferno_SF.txt",Fiction ,English ,,SF ,2014,Herbert,Brian,HellholeInferno,,,,,M,US 
"2014_Hile,Christiaan_Deception_SF.txt",Fiction ,English ,,SF ,2014,Hile,Christiaan,Deception,,,,,M,US 
"2014_Hile,Christiaan_War267_SF.txt",Fiction ,English ,,SF ,2014,Hile,Christiaan,War267,,,,,M,US 
"2014_Ingermanson,RS_Transgression_SF.txt",Fiction ,English ,,SF ,2014,Ingermanson,RS,Transgression,,,,,M,US 
"2014_Kloos,Marko_LinesofDeparture_SF.txt",Fiction ,English ,,SF ,2014,Kloos,Marko,LinesofDeparture,,,,,M,US/Germany
"2014_McDevitt,Jack_ComingHome_SF.txt",Fiction ,English ,,SF ,2014,McDevitt,Jack,ComingHome,,,,,M,US 
"2014_Nuttall,Christopher_ArkRoyal_SF.txt",Fiction ,English ,,SF ,2014,Nuttall,Christopher,ArkRoyal,,,,,M,UK
"2014_Richards,DouglasE_QuantumLens_SF.txt",Fiction ,English ,,SF ,2014,Richards,DouglasE,QuantumLens,,,,,M,US 
"2014_Riddle,AG_Departure_SF.txt",Fiction ,English ,,SF ,2014,Riddle,AG,Departure,,,,,M,US 
"2014_Smith,NicholasSansbury_ExtinctionHorizon_SF.txt",Fiction ,English ,,SF ,2014,Smith,NicholasSansbury,ExtinctionHorizon,,,,,M,US 
"2014_VanderMeer,Jeff_Annihilation_SF.txt",Fiction ,English ,,SF ,2014,VanderMeer,Jeff,Annihilation,,,,,M,US 
"2014_VanderMeer,Jeff_Authority_SF.txt",Fiction ,English ,,SF ,2014,VanderMeer,Jeff,Authority,,,,,M,US 
"2014_Watts,Peter_Echopaxia_SF.txt",Fiction ,English ,,SF ,2014,Watts,Peter,Echopaxia,,,,,M,Canada
"2014_Wilson,DanielH_Robogenesis_SF.txt",Fiction ,English ,,SF ,2014,Wilson,DanielH,Robogenesis,,,,,M,US 
"2015_Bacigalupi,Paolo_TheWaterKnife_SF.txt",Fiction ,English ,,SF ,2015,Bacigalupi,Paolo,TheWaterKnife,,,,,M,US 
"2015_Chu,Wesley_TheRebirthspfTao_SF.txt",Fiction ,English ,,SF ,2015,Chu,Wesley,TheRebirthspfTao,,,,,M,US/Taiwan
"2015_Clines,Peter_TheFold_SF.txt",Fiction ,English ,,SF ,2015,Clines,Peter,TheFold,,,,,M,US 
"2015_Corey,JamesSA_NemesisGames_SF.txt",Fiction ,English ,,SF ,2015,Corey,JamesSA,NemesisGames,,,,,M,US 
"2015_Douglas,Ian_DeepTime_SF.txt",Fiction ,English ,,SF ,2015,Douglas,Ian,DeepTime,,,,,M,US 
"2015_Greenfeld,KarlTaro_TheSubprimes_SF.txt",Fiction ,English ,,SF ,2015,Greenfeld,KarlTaro,TheSubprimes,,,,,M,US/Japan
"2015_Grossart,Chuck_TheGeminiEffect_SF.txt",Fiction ,English ,,SF ,2015,Grossart,Chuck,TheGeminiEffect,,,,,M,US 
"2015_Heppner,Vaughn_TheLostDestroyer_SF.txt",Fiction ,English ,,SF ,2015,Heppner,Vaughn,TheLostDestroyer,,,,,M,Canada
"2015_Keyes,Greg_FootstepsintheSky_SF.txt",Fiction ,English ,,SF ,2015,Keyes,Greg,FootstepsintheSky,,,,,M,US 
"2015_Kloos,Marko_AnglesofAttack_SF.txt",Fiction ,English ,,SF ,2015,Kloos,Marko,AnglesofAttack,,,,,M,Germany
"2015_McCammon,Robert_TheBorder_SF.txt",Fiction ,English ,,SF ,2015,McCammon,Robert,TheBorder,,,,,M,US 
"2015_Naam,Ramez_Apex_SF.txt",Fiction ,English ,,SF ,2015,Naam,Ramez,Apex,,,,,M,US/Egypt
"2015_Rosen,LevAC_Depth_SF.txt",Fiction ,English ,,SF ,2015,Rosen,LevAC,Depth,,,,,M,US 
"2015_Rotter,Jeffrey_TheOnlyWords_SF.txt",Fiction ,English ,,SF ,2015,Rotter,Jeffrey,TheOnlyWords,,,,,M,US 
"2015_Stephenson,Neal_Seveneves_SF.txt",Fiction ,English ,,SF ,2015,Stephenson,Neal,Seveneves,,,,,M,US 
"2015_Walton,David_Superposition_SF.txt",Fiction ,English ,,SF ,2015,Walton,David,Superposition,,,,,M,US 
"2015_Wellington,David_Positive_SF.txt",Fiction ,English ,,SF ,2015,Wellington,David,Positive,,,,,M,US 
"2015_William,EliKP_CashCrashJubilee_SF.txt",Fiction ,English ,,SF ,2015,William,EliKP,CashCrashJubilee,,,,,M,Canada
"2010_Bacigalupi,Paolo_ShipBreaker_SF.txt",Fiction ,English ,,SF_YA,2010,Bacigalupi,Paolo,ShipBreaker,,,,,M,US 
"2011_Cline,Ernest_ReadyPlayerOne_SF.txt",Fiction ,English ,,SF_YA,2011,Cline,Ernest,ReadyPlayerOne,,,,,M,US 
"2011_Sawyer,RobertJ_Wonder_SF.txt",Fiction ,English ,,SF_YA,2011,Sawyer,RobertJ,Wonder,,,,,M,Canada
"2012_Cramer,Scott_NightofthePurpleMoon_SF.txt",Fiction ,English ,,SF_YA,2012,Cramer,Scott,NightofthePurpleMoon,,,,,M,US 
"2012_OBrien,CaraghM_Promised_SF.txt",Fiction ,English ,,SF_YA,2012,OBrien,CaraghM,Promised,,,,,M,US 
"2012_Phillips,Richard_TheSecondShip_SF.txt",Fiction ,English ,,SF_YA,2012,Phillips,Richard,TheSecondShip,,,,,M,US 
"2014_Brown,Pierce_RedRising_SF.txt",Fiction ,English ,,SF_YA,2014,Brown,Pierce,RedRising,,,,,M,US 
"2014_Card,OrsonScott_Visitors_SF.txt",Fiction ,English ,,SF_YA,2014,Card,OrsonScott,Visitors,,,,,M,US 
"2014_Gould,Steven_Exo_SF.txt",Fiction ,English ,,SF_YA,2014,Gould,Steven,Exo,,,,,M,US 
"2014_Higson,Charlie_TheHunted_SF.txt",Fiction ,English ,,SF_YA,2014,Higson,Charlie,TheHunted,,,,,M,UK
"2014_Morrow,JasonD_AnywherebutHere_SF.txt",Fiction ,English ,,SF_YA,2014,Morrow,JasonD,AnywherebutHere,,,,,M,US 
"2014_Yancey,Rick_TheInfiniteSea_SF.txt",Fiction ,English ,,SF_YA,2014,Yancey,Rick,TheInfiniteSea,,,,,M,US 
"2015_Brown,Pierce_GoldenSon_SF.txt",Fiction ,English ,,SF_YA,2015,Brown,Pierce,GoldenSon,,,,,M,US 
"2015_Sanderson,Brandon_Firefight_SF.txt",Fiction ,English ,,SF_YA,2015,Sanderson,Brandon,Firefight,,,,,M,US 
"2010_Hand,Dana_DeepCreek_MY.txt",Fiction ,English,,MY,2010,Hand,Dana,DeepCreek,,,,,n,US
"2012_Frazier,LA_BackontheMarket_MY.txt",Fiction ,English ,,MY,2012,Frazier,LA,BackontheMarket,,,,,n,US
"2012_French,Nicci_BlueMonday_MY.txt",Fiction ,English ,,MY,2012,French,Nicci,BlueMonday,,,,,n,UK
"2013_French,Nicci_TuesdaysGone_MY.txt",Fiction ,English ,,MY,2013,French,Nicci,TuesdaysGone,,,,,n,UK
"2015_Raeder,Leah_BlackIris_ROM.txt",Fiction ,English,,ROM,2015,Raeder,Leah,BlackIris,,,,,T,US
"2005_Coffey,Wayne_TheBoysofWinter_NF.txt",,,,,2005,,,TheBoysofWinter,,,,,,
"2005_Dicker,John_UnitedStatesofWal-Mart_NF.txt",,,,,2005,,,UnitedStatesofWal-Mart,,,,,,
"2005_Gladwell,Malcom_Blink_NF.txt",,,,,2005,,,Blink,,,,,,
"2005_Kramer,PeterD_AgainstDepression_NF.txt",,,,,2005,,,AgainstDepression,,,,,,
"2005_Perl,Jed_NewArtCity_NF.txt",,,,,2005,,,NewArtCity,,,,,,
"2005_Savan,Leslie_SlamDunks_NF.txt",,,,,2005,,,SlamDunks,,,,,,
"2005_Tripp,CA_IntimateWorldofAbraham_NF.txt",,,,,2005,,,IntimateWorldofAbraham,,,,,,
"2005_Walls,Jeannette_GlassCastle_NF.txt",,,,,2005,,,GlassCastle,,,,,,
"2005_Warren,LouisS_BuffaloBillsAmerica_NF.txt",,,,,2005,,,BuffaloBillsAmerica,,,,,,
"2006_Dawkins,Richard_TheGodDelusion_NF.txt",,,,,2006,,,TheGodDelusion,,,,,,
"2006_Dennett,DanielC_BreakingtheSpell_NF.txt",,,,,2006,,,BreakingtheSpell,,,,,,
"2006_Ehrenreich,Barbara_DancingInTheStreets_NF.txt",,,,,2006,,,DancingInTheStreets,,,,,,
"2006_Golden,Daniel_PriceofAdmission_NF.txt",,,,,2006,,,PriceofAdmission,,,,,,
"2006_Kean,ThomasH_Hamilton,LeeH_WithoutPrecedent-TheInsideStory_NF.txt",,,,,2006,,,"Hamilton,LeeH",,,,,,
"2006_Kuczynski,Alex_BeautyJunkies_NF.txt",,,,,2006,,,BeautyJunkies,,,,,,
"2006_Lemov,Rebecca_WorldasLaboratory_NF.txt",,,,,2006,,,WorldasLaboratory,,,,,,
"2006_Mansfield,HarveyC_Manliness_NF.txt",,,,,2006,,,Manliness,,,,,,
"2006_Michaels,WalterBenn_TheTroublewithDiversity_NF.txt",,,,,2006,,,TheTroublewithDiversity,,,,,,
"2006_Obama,Barack_AudacityofHope_NF.txt",,,,,2006,,,AudacityofHope,,,,,,
"2006_Perle,Liz_MoneyMemoir_NF.txt",,,,,2006,,,MoneyMemoir,,,,,,
"2007_Beah,Ishmael_ALongWayGone_NF.txt",,,,,2007,,,ALongWayGone,,,,,,
"2007_Dean,JohnW_BrokenGovernment_NF.txt",,,,,2007,,,BrokenGovernment,,,,,,
"2007_Denfeld,Rene_AllGodsChildren_NF.txt",,,,,2007,,,AllGodsChildren,,,,,,
"2007_Epstein,Helen_InvisibleCure_NF.txt",,,,,2007,,,InvisibleCure,,,,,,
"2007_Gdula,Steven_WarmestRoomintheHouse_NF.txt",,,,,2007,,,WarmestRoomintheHouse,,,,,,
"2007_LeBor,Adam_CityofOranges_NF.txt",,,,,2007,,,CityofOranges,,,,,,
"2007_Millner,Caille_GoldenRoad_NF.txt",,,,,2007,,,GoldenRoad,,,,,,
"2007_Montross,Christine_BodyofWork_NF.txt",,,,,2007,,,BodyofWork,,,,,,
"2007_Ross,Alex_TheRestisNoise_NF.txt",,,,,2007,,,TheRestisNoise,,,,,,
"2007_Stewart,Amy_FlowerConfidential_NF.txt",,,,,2007,,,FlowerConfidential,,,,,,
"2007_Thomas,Dana_Deluxe-HowLuxuryLost_NF.txt",,,,,2007,,,Deluxe-HowLuxuryLost,,,,,,
"2007_Ulrich,LaurelThatcher_WellbehavedWomenSeldom_NF.txt",,,,,2007,,,WellbehavedWomenSeldom,,,,,,
"2008_Baker,Stephen_TheNumerati_NF.txt",,,,,2008,,,TheNumerati,,,,,,
"2008_Blount,Roy_AlphabetJuice_NF.txt",,,,,2008,,,AlphabetJuice,,,,,,
"2008_Breslin,Jimmy_TheGoodRat_NF.txt",,,,,2008,,,TheGoodRat,,,,,,
"2008_Gilmour,David_TheFilmClub_NF.txt",,,,,2008,,,TheFilmClub,,,,,,
"2008_Hemming,John_StoryoftheAmazon_NF.txt",,,,,2008,,,StoryoftheAmazon,,,,,,
"2008_Kimmel,Michael_Guyland_NF.txt",,,,,2008,,,Guyland,,,,,,
"2008_Lowenstein,Roger_WhileAmericaAged_NF.txt",,,,,2008,,,WhileAmericaAged,,,,,,
"2008_Paul,Pamela_ParentingInc_NF.txt",,,,,2008,,,ParentingInc,,,,,,
"2008_Reed,Julia_HouseonFirstStreet_NF.txt",,,,,2008,,,HouseonFirstStreet,,,,,,
"2008_Shea,Ammon_ReadingtheOED_NF.txt",,,,,2008,,,ReadingtheOED,,,,,,
"2009_Anderson,Chris_Free-TheFuture_NF.txt",,,,,2009,,,Free-TheFuture,,,,,,
"2009_Bamford,James_ShadowFactory_NF.txt",,,,,2009,,,ShadowFactory,,,,,,
"2009_Coughlin,Con_KhomeinisGhost_NF.txt",,,,,2009,,,KhomeinisGhost,,,,,,
"2009_Ellis,Richard_OnThinIce_NF.txt",,,,,2009,,,OnThinIce,,,,,,
"2009_Kot,Greg_HowtheWiredGeneration_NF.txt",,,,,2009,,,HowtheWiredGeneration,,,,,,
"2009_Krakauer,Jon_WhereMenWinGlory_NF.txt",,,,,2009,,,WhereMenWinGlory,,,,,,
"2009_McManus,James_CowboysFull_NF.txt",,,,,2009,,,CowboysFull,,,,,,
"2009_Rapport,Mike_1848_NF.txt",,,,,2009,,,1848,,,,,,
"2009_Tyler,Patrick_WorldofTrouble_NF.txt",,,,,2009,,,WorldofTrouble,,,,,,
"2009_Walbert,Kate_ShortHistoryofWomen_NF.txt",,,,,2009,,,ShortHistoryofWomen,,,,,,
"2010_Armstrong,Ken_Perry,Nick_ScoreboardBaby_NF.txt",,,,,2010,,,"Perry,Nick",,,,,,
"2010_BluBuhs,Joshua_BigFoot_NF.txt",,,,,2010,,,BigFoot,,,,,,
"2010_Corbett,Christopher_ThePokerBride_NF.txt",,,,,2010,,,ThePokerBride,,,,,,
"2010_Herlihy,David_TheLostCyclist_NF.txt",,,,,2010,,,TheLostCyclist,,,,,,
"2010_Hyde,Lewis_CommonasAir_NF.txt",,,,,2010,,,CommonasAir,,,,,,
"2010_Powers,William_HamletsBlackberry_NF.txt",,,,,2010,,,HamletsBlackberry,,,,,,
"2010_Rhode,DeborahL_TheBeautyBias_NF.txt",,,,,2010,,,TheBeautyBias,,,,,,
"2010_Seife,Charles_Proofiness_NF.txt",,,,,2010,,,Proofiness,,,,,,
"2010_Traister,Rebecca_BigGirlsDontCry_NF.txt",,,,,2010,,,BigGirlsDontCry,,,,,,
"2011_Bellos,David_IsThataFishinYourEar_NF.txt",,,,,2011,,,IsThataFishinYourEar,,,,,,
"2011_Garrett,Brandon_ConvictingtheInnocent_NF.txt",,,,,2011,,,ConvictingtheInnocent,,,,,,
2011_GloubermanMisha_TheChairsAreWhereThePeopleGo.txt,,,,,2011,,,TheChairsAreWhereThePeopleGo,,,,,,
"2011_Kahneman,Daniel_ThinkingFastandSlow_NF.txt",,,,,2011,,,ThinkingFastandSlow,,,,,,
2011_KondoMarie_TheLifeChangingMagicOfTydyingUp.txt,,,,,2011,,,TheLifeChangingMagicOfTydyingUp,,,,,,
"2011_Lelyveld,Joseph_GreatSoul_NF.txt",,,,,2011,,,GreatSoul,,,,,,
"2011_Levine,Robert_FreeRide-HowDigitalParasites_NF.txt",,,,,2011,,,FreeRide-HowDigitalParasites,,,,,,
"2011_Safina,Carl_ASeainFlames_NF.txt",,,,,2011,,,ASeainFlames,,,,,,
"2011_Watts,DuncanJ_EverythingisObvious_NF.txt",,,,,2011,,,EverythingisObvious,,,,,,
"2011_West,Bing_TheWrongWar_NF.txt",,,,,2011,,,TheWrongWar,,,,,,
"2012_Amar,AkhilReed_AmericasUnwritten_NF.txt",,,,,2012,,,AmericasUnwritten,,,,,,
"2012_Andrews,Lori_IKnowWhoYouAreandISawWhatYouDid_NF.txt",,,,,2012,,,IKnowWhoYouAreandISawWhatYouDid,,,,,,
"2012_Armstead,Myra_FreedomsGardener_NF.txt",,,,,2012,,,FreedomsGardener,,,,,,
"2012_Barry,JohnM_RogerWilliams_NF.txt",,,,,2012,,,RogerWilliams,,,,,,
"2012_Binelli,Mark_DetroitCity_NF.txt",,,,,2012,,,DetroitCity,,,,,,
"2012_Bonner,Raymond_AnatomyofInjusticeAMurderCaseGoneWrong_NF.txt",,,,,2012,,,AnatomyofInjusticeAMurderCaseGoneWrong,,,,,,
2012_BrownBrene_DaringGreatly.txt,,,,,2012,,,DaringGreatly,,,,,,
"2012_Byrne,David_HowMusicWorks_NF.txt",,,,,2012,,,HowMusicWorks,,,,,,
"2012_Cahalan,Susannah_BrainonFire_NF.txt",,,,,2012,,,BrainonFire,,,,,,
"2012_Chandrasekaran,Rajiv_LittleAmerica_NF.txt",,,,,2012,,,LittleAmerica,,,,,,
"2012_Colt,GeorgeHowe_OnHisBrothers_NF.txt",,,,,2012,,,OnHisBrothers,,,,,,
2012_CvetkovichAnn_Depression.txt,,,,,2012,,,Depression,,,,,,
"2012_Egan,Timothy_ShortNightsoftheShadowCatcher_NF.txt",,,,,2012,,,ShortNightsoftheShadowCatcher,,,,,,
"2012_Hale,Sheila_Titan_NF.txt",,,,,2012,,,Titan,,,,,,
"2012_Harden,Nathan_SexandGodatYale_NF.txt",,,,,2012,,,SexandGodatYale,,,,,,
"2012_Hirshman,Linda_Victory_NF.txt",,,,,2012,,,Victory,,,,,,
"2012_Hitt,Jack_BunchofAmateursASearchfortheAmeric_NF.txt",,,,,2012,,,BunchofAmateursASearchfortheAmeric,,,,,,
"2012_Hochschild,ArlieRussel_OutsourcedSelf_NF.txt",,,,,2012,,,OutsourcedSelf,,,,,,
"2012_Keizer,Garret_Privacy_NF.txt",,,,,2012,,,Privacy,,,,,,
"2012_Leonard,John_ReadingforMyLife_NF.txt",,,,,2012,,,ReadingforMyLife,,,,,,
"2012_Maddow,Rachel_Drift_TheUnmooringofAmericanMilitary_NF.txt",,,,,2012,,,Drift,,,,,,
"2012_Maraniss,David_BarackObama_The Story_NF.txt",,,,,2012,,,BarackObama,,,,,,
"2012_Mealer,Bryan_MuckCity_NF.txt",,,,,2012,,,MuckCity,,,,,,
"2012_Mundy,Liza_TheRicherSex_NF.txt",,,,,2012,,,TheRicherSex,,,,,,
"2012_Murphy,Paul_ShootingVictoria_NF.txt",,,,,2012,,,ShootingVictoria,,,,,,
"2012_Niven,Penelope_ThortonWilder_NF.txt",,,,,2012,,,ThortonWilder,,,,,,
2012_OlenHelaine_PoundFoolish.txt,,,,,2012,,,PoundFoolish,,,,,,
"2012_Petersen,Grant_JustRide_NF.txt",,,,,2012,,,JustRide,,,,,,
"2012_Phillips,Kevin_1775AGoodYearforRevolution_NF.txt",,,,,2012,,,1775AGoodYearforRevolution,,,,,,
"2012_Popkin,Samuel_TheCandidate_NF.txt",,,,,2012,,,TheCandidate,,,,,,
"2012_Ricks,Thomas_TheGenerals_NF.txt",,,,,2012,,,TheGenerals,,,,,,
"2012_Robinson,Marilynne_WhenIWasaChildIReadBooks_NF.txt",,,,,2012,,,WhenIWasaChildIReadBooks,,,,,,
"2012_Sacks,Oliver_Hallucinations_NF.txt",,,,,2012,,,Hallucinations,,,,,,
"2012_Shiller,RobertJ_FinanceandtheGoodSociety_NF.txt",,,,,2012,,,FinanceandtheGoodSociety,,,,,,
"2012_Silver,Charlotte_CharlotteAuChocolat_MemoriesofaResta_NF.txt",,,,,2012,,,CharlotteAuChocolat,,,,,,
"2012_Skinner,Jeffrey_The65PracticesofModeratelySuccessful_NF.txt",,,,,2012,,,The65PracticesofModeratelySuccessful,,,,,,
"2012_Smith,Daniel_MonkeyMind_NF.txt",,,,,2012,,,MonkeyMind,,,,,,
"2012_Spence,Simon_TheStoneRoses_NF.txt",,,,,2012,,,TheStoneRoses,,,,,,
"2012_Tough,Paul_HowChildrenSucceed_NF.txt",,,,,2012,,,HowChildrenSucceed,,,,,,
"2012_Whitney,Craig_LivingwithGuns_NF.txt",,,,,2012,,,LivingwithGuns,,,,,,
"2012_Young,Neil_WagingHeavyPeace_NF.txt",,,,,2012,,,WagingHeavyPeace,,,,,,
"2013_Anderson,Scott_LawrenceinArabia_NF.txt",,,,,2013,,,LawrenceinArabia,,,,,,
"2013_Bass,Gary_TheBloodTelegram_NF.txt",,,,,2013,,,TheBloodTelegram,,,,,,
"2013_Bazelon,Emily_SticksandStones_NF.txt",,,,,2013,,,SticksandStones,,,,,,
"2013_Bering,Jesse_PervTheSexualDeviantinAllofUs_NF.txt",,,,,2013,,,PervTheSexualDeviantinAllofUs,,,,,,
"2013_Buruma,Ian_YearZero_NF.txt",,,,,2013,,,YearZero,,,,,,
"2013_Butler,Katy_KnockingonHeavensDoor_NF.txt",,,,,2013,,,KnockingonHeavensDoor,,,,,,
"2013_Cannadine,David_TheUndividedPast_NF.txt",,,,,2013,,,TheUndividedPast,,,,,,
"2013_Connors,Jimmy_TheOutsider.txt",,,,,2013,,,TheOutsider,,,,,,
"2013_Dalrymple,William_ReturnofaKing_NF.txt",,,,,2013,,,ReturnofaKing,,,,,,
"2013_Deaton,Angus_TheGreatEscape_NF.txt",,,,,2013,,,TheGreatEscape,,,,,,
"2013_Dreze,Jean_AnUncertainGloryIndiaanditsContradictions_NF.txt",,,,,2013,,,AnUncertainGloryIndiaanditsContradictions,,,,,,
"2013_Fink,Sheri_FiveDaysatMemorialLifeandDeathina_NF.txt",,,,,2013,,,FiveDaysatMemorialLifeandDeathina,,,,,,
"2013_Haskell,Molly_MyBrotherMySister_NF.txt",,,,,2013,,,MyBrotherMySister,,,,,,
"2013_Johnson,George_TheCancerChronicles_NF.txt",,,,,2013,,,TheCancerChronicles,,,,,,
"2013_Knox,Amanda_WaitingtoBeHeard_NF.txt",,,,,2013,,,WaitingtoBeHeard,,,,,,
"2013_Lepore,Jill_Book of Ages_TheLifeandOpinionsofJan_NF.txt",,,,,2013,,,Book of Ages,,,,,,
"2013_Lindhout,Amanda_AHouseintheSky_NF.txt",,,,,2013,,,AHouseintheSky,,,,,,
2013_LyubomirskySonja_TheMythsOfHappiness.txt,,,,,2013,,,TheMythsOfHappiness,,,,,,
"2013_Malcolm,Janet_FortyoneFalseStarts_NF.txt",,,,,2013,,,FortyoneFalseStarts,,,,,,
"2013_McDonnell,Evelyn_QueensofNoise_NF.txt",,,,,2013,,,QueensofNoise,,,,,,
"2013_Mitter,Rana_ForgottenAlly_NF.txt",,,,,2013,,,ForgottenAlly,,,,,,
"2013_Moreno,Rita_RitaMoreno_NF.txt",,,,,2013,,,RitaMoreno,,,,,,
"2013_Moss,Michael_SaltSugarFat_NF.txt",,,,,2013,,,SaltSugarFat,,,,,,
"2013_Norman,Howard_IHatetoLeaveThisBeautifulPlace_NF.txt",,,,,2013,,,IHatetoLeaveThisBeautifulPlace,,,,,,
"2013_OBrien,Edna_CountryGirlAMemoir_NF.txt",,,,,2013,,,CountryGirlAMemoir,,,,,,
"2013_Pierpont,Claudia_RothUnbound_NF.txt",,,,,2013,,,RothUnbound,,,,,,
"2013_Pollack,Kenneth_Unthinkable_NF.txt",,,,,2013,,,Unthinkable,,,,,,
"2013_Rapp,Emily_TheStillPointoftheTurningWorld_NF.txt",,,,,2013,,,TheStillPointoftheTurningWorld,,,,,,
"2013_Ravitch,Diane_ReignofError_NF.txt",,,,,2013,,,ReignofError,,,,,,
"2013_Ricca,Brad_SuperBoys_NF.txt",,,,,2013,,,SuperBoys,,,,,,
"2013_Riley,Naomi_TilFaithDoUsPart_NF.txt",,,,,2013,,,TilFaithDoUsPart,,,,,,
"2013_Ripley,Amanda_TheSmartestKidsintheWorld_NF.txt",,,,,2013,,,TheSmartestKidsintheWorld,,,,,,
"2013_Sandberg,Sheryl_LeanIn_NF.txt",,,,,2013,,,LeanIn,,,,,,
2013_SellarsBev_TheyCalledMeNumberOne.txt,,,,,2013,,,TheyCalledMeNumberOne,,,,,,
2013_SinceroJen_YouAreABadass.txt,,,,,2013,,,YouAreABadass,,,,,,
"2013_Sokolove,Michael_DramaHighTheIncredibleTrueStoryofa_NF.txt",,,,,2013,,,DramaHighTheIncredibleTrueStoryofa,,,,,,
"2013_Toomey,David_WeirdLife_NF.txt",,,,,2013,,,WeirdLife,,,,,,
"2013_Volk,Patricia_Shocked_NF.txt",,,,,2013,,,Shocked,,,,,,
"2013_Wilson,Edward_LetterstoaYoungScientist_NF.txt",,,,,2013,,,LetterstoaYoungScientist,,,,,,
"2013_Wineapple,Brenda_EcstaticNationConfidenceCrisisandC_NF.txt",,,,,2013,,,EcstaticNationConfidenceCrisisandC,,,,,,
"2013_Wodehouse,PG_PGWodehouse_NF.txt",,,,,2013,,,PGWodehouse,,,,,,
"2013_Woods,Randall_ShadowWarrior_NF.txt",,,,,2013,,,ShadowWarrior,,,,,,
2014_AhmedSarah_WillfulSubjects.txt,,,,,2014,,,WillfulSubjects,,,,,,
"2014_Allen,Jonathan_HRCStateSecretsandtheRebirthofHill_NF.txt",,,,,2014,,,HRCStateSecretsandtheRebirthofHill,,,,,,
2014_AmorusoSophia_GirlBoss.txt,,,,,2014,,,GirlBoss,,,,,,
"2014_Begley,Adam_Updike_NF.txt",,,,,2014,,,Updike,,,,,,
"2014_Clinton,Hillary_HardChoices_NF.txt",,,,,2014,,,HardChoices,,,,,,
"2014_Davis,Seth_Wooden_NF.txt",,,,,2014,,,Wooden,,,,,,
"2014_Fest,Joachim_NotI_NF.txt",,,,,2014,,,NotI,,,,,,
2014_FrankelLoisP_NiceGirlsDontGetTheCornerOffice.txt,,,,,2014,,,NiceGirlsDontGetTheCornerOffice,,,,,,
2014_GayRoxanne_BadFeminist.txt,,,,,2014,,,BadFeminist,,,,,,
"2014_Goffman,Alice_OntheRun_NF.txt",,,,,2014,,,OntheRun,,,,,,
"2014_Hoban,Phoebe_LucianFreud_NF.txt",,,,,2014,,,LucianFreud,,,,,,
"2014_Jacobsen,Annie_OperationPaperclip_NF.txt",,,,,2014,,,OperationPaperclip,,,,,,
"2014_Kennan,George_TheKennanDiaries_NF.txt",,,,,2014,,,TheKennanDiaries,,,,,,
2014_KleinNaomi_ThisChangesEverything.txt,,,,,2014,,,ThisChangesEverything,,,,,,
2014_KolbertElizabeth_TheSixthExtinction.txt,,,,,2014,,,TheSixthExtinction,,,,,,
"2014_Loh,Sandra_TheMadwomanintheVolvo_NF.txt",,,,,2014,,,TheMadwomanintheVolvo,,,,,,
2014_MabryDonnaFoley_Maude.txt,,,,,2014,,,Maude,,,,,,
"2014_Marshall,Megan_MargaretFuller_NF.txt",,,,,2014,,,MargaretFuller,,,,,,
"2014_Masson,Jeffrey_BeastsWhatAnimalsCanTeachUs_NF.txt",,,,,2014,,,BeastsWhatAnimalsCanTeachUs,,,,,,
"2014_Miles,Barry_CallMeBurroughsALife_NF.txt",,,,,2014,,,CallMeBurroughsALife,,,,,,
"2014_Mizruchi,Susan_BrandosSmileHisLifeThoughtandWor_NF.txt",,,,,2014,,,BrandosSmileHisLifeThoughtandWor,,,,,,
"2014_Morris,Sylvia_PriceofFame_NF.txt",,,,,2014,,,PriceofFame,,,,,,
2014_NgoziAdichieChimamanda_WeShouldAllBeFeminists.txt,,,,,2014,,,WeShouldAllBeFeminists,,,,,,
"2014_Pawel,Miriam_TheCrusadesofCesarChavez_NF.txt",,,,,2014,,,TheCrusadesofCesarChavez,,,,,,
"2014_Payne,Sarah_PerfectlyMiserable_NF.txt",,,,,2014,,,PerfectlyMiserable,,,,,,
"2014_PetrovskyShtern,Yohanan_TheGoldenAge_NF.txt",,,,,2014,,,TheGoldenAge,,,,,,
"2014_Pisani,Elizabeth_IndonesiaEtc_NF.txt",,,,,2014,,,IndonesiaEtc,,,,,,
"2014_Rakoff,Joanna_MySalingerYear_NF.txt",,,,,2014,,,MySalingerYear,,,,,,
"2014_Romm,James_DyingEveryDaySenecaattheCourtofNe_NF.txt",,,,,2014,,,DyingEveryDaySenecaattheCourtofNe,,,,,,
"2014_Skyhorse,Brando_TakeThisMan_NF.txt",,,,,2014,,,TakeThisMan,,,,,,
2014_SpivackEmily_WornStory.txt,,,,,2014,,,WornStory,,,,,,
"2014_Windrow,Martin_TheOwlWhoLikedSittingonCaesar_NF.txt",,,,,2014,,,TheOwlWhoLikedSittingonCaesar,,,,,,
"2014_Ziegler,Philip_Olivier_NF.txt",,,,,2014,,,Olivier,,,,,,
2015_ButlerJudith_SensesOfTheSubject.txt,,,,,2015,,,SensesOfTheSubject,,,,,,
2015_GilbertElizabeth_BigMagic.txt,,,,,2015,,,BigMagic,,,,,,
2015_KalingMindy_WhyNotMe.txt,,,,,2015,,,WhyNotMe,,,,,,
2015_LawsonJenny_FuriouslyHappy.txt,,,,,2015,,,FuriouslyHappy,,,,,,
2015_MacMillanMargaret_HistorysPeoplePersonalitiesAndThePast.txt,,,,,2015,,,HistorysPeoplePersonalitiesAndThePast,,,,,,
2015_NelsonMaggie_TheAgronauts.txt,,,,,2015,,,TheAgronauts,,,,,,
2015_SullivanRosemary_StalinsDaughter.txt,,,,,2015,,,StalinsDaughter,,,,,,
2015_TurkleSherry_ReclaimingConversation.txt,,,,,2015,,,ReclaimingConversation,,,,,,
2015_WulfAndrea_The Invention of Nature.txt,,,,,2015,,,The Invention of Nature,,,,,,
2016_BryantQuinnJane_HowToMakeYourMoneyLast.txt,,,,,2016,,,HowToMakeYourMoneyLast,,,,,,
2016_DavidsonLiz_WhatYourFinancialAdvisorIsntTellingYou.txt,,,,,2016,,,WhatYourFinancialAdvisorIsntTellingYou,,,,,,
2016_LarsenSonja_RedStarTattoo.txt,,,,,2016,,,RedStarTattoo,,,,,,